{"mean":{"confidence_interval":{"confidence_level":0.95,"lower_bound":-0.003553308357453996,"upper_bound":0.0014937910369418148},"point_estimate":-0.000765682245818966,"standard_error":0.001273386813022059},"median":{"confidence_interval":{"confidence_level":0.95,"lower_bound":-0.00047186539944066297,"upper_bound":0.0005250109061250008},"point_estimate":0.000019805108070203303,"standard_error":0.0002647162516753151}}