{"mean":{"confidence_interval":{"confidence_level":0.95,"lower_bound":-0.00007083467103386435,"upper_bound":0.006995326140014762},"point_estimate":0.0030389105397925498,"standard_error":0.0018965984589255141},"median":{"confidence_interval":{"confidence_level":0.95,"lower_bound":0.0004993555703600716,"upper_bound":0.0014168372710434696},"point_estimate":0.0010257406503868527,"standard_error":0.00023455944328997936}}