{"mean":{"confidence_interval":{"confidence_level":0.95,"lower_bound":0.31138940509735036,"upper_bound":0.3131869849845678},"point_estimate":0.3120623588223673,"standard_error":0.0004906542278006573},"median":{"confidence_interval":{"confidence_level":0.95,"lower_bound":0.3110425122126822,"upper_bound":0.31125100075531714},"point_estimate":0.31116632070900163,"standard_error":0.00005760128034628106},"median_abs_dev":{"confidence_interval":{"confidence_level":0.95,"lower_bound":0.00026536563369930017,"upper_bound":0.0005126245978812069},"point_estimate":0.0004018937666811641,"standard_error":0.00006865950409725093},"slope":{"confidence_interval":{"confidence_level":0.95,"lower_bound":0.3113290341373851,"upper_bound":0.31190379395521567},"point_estimate":0.3115791620868481,"standard_error":0.00014776924324354552},"std_dev":{"confidence_interval":{"confidence_level":0.95,"lower_bound":0.0009524293359322803,"upper_bound":0.008218432361212048},"point_estimate":0.004913407974969837,"standard_error":0.0024097082323856693}}