{"mean":{"confidence_interval":{"confidence_level":0.95,"lower_bound":0.3160350136306804,"upper_bound":0.3187411155339662},"point_estimate":0.3173478275970593,"standard_error":0.0006893235523432057},"median":{"confidence_interval":{"confidence_level":0.95,"lower_bound":0.3120227791768181,"upper_bound":0.3182288831519224},"point_estimate":0.3148477244565604,"standard_error":0.0014868322799541402},"median_abs_dev":{"confidence_interval":{"confidence_level":0.95,"lower_bound":0.0017919734774817858,"upper_bound":0.009410365824626558},"point_estimate":0.005759288416125189,"standard_error":0.0018828143707305253},"slope":{"confidence_interval":{"confidence_level":0.95,"lower_bound":0.31409159206839166,"upper_bound":0.3168869156595008},"point_estimate":0.315399866633933,"standard_error":0.0007147943560710901},"std_dev":{"confidence_interval":{"confidence_level":0.95,"lower_bound":0.005742081723328101,"upper_bound":0.008101959535288904},"point_estimate":0.006904358398789805,"standard_error":0.0006105808543446877}}