{"mean":{"confidence_interval":{"confidence_level":0.95,"lower_bound":0.3113145320693477,"upper_bound":0.3130374810227202},"point_estimate":0.31193504724492205,"standard_error":0.000497859287661257},"median":{"confidence_interval":{"confidence_level":0.95,"lower_bound":0.311053403463718,"upper_bound":0.311288441899287},"point_estimate":0.3111546043349951,"standard_error":0.000060984773664347645},"median_abs_dev":{"confidence_interval":{"confidence_level":0.95,"lower_bound":0.00018177105831297959,"upper_bound":0.00043709013230222723},"point_estimate":0.00031295922151148935,"standard_error":0.0000647454114660569},"slope":{"confidence_interval":{"confidence_level":0.95,"lower_bound":0.3112745584565461,"upper_bound":0.3115698750953528},"point_estimate":0.3114135757617714,"standard_error":0.00007553370629766843},"std_dev":{"confidence_interval":{"confidence_level":0.95,"lower_bound":0.0005352367069479257,"upper_bound":0.008491200725002042},"point_estimate":0.004999701868250447,"standard_error":0.002718465092079668}}