{"mean":{"confidence_interval":{"confidence_level":0.95,"lower_bound":0.3113202679854525,"upper_bound":0.3131822739544203},"point_estimate":0.3119942369420076,"standard_error":0.0005354087190854796},"median":{"confidence_interval":{"confidence_level":0.95,"lower_bound":0.31110835953502336,"upper_bound":0.31139157942758533},"point_estimate":0.31122636201010867,"standard_error":0.00007457164567949692},"median_abs_dev":{"confidence_interval":{"confidence_level":0.95,"lower_bound":0.00036270412256788427,"upper_bound":0.00061609673322449},"point_estimate":0.0004858821066585183,"standard_error":0.000060588547343023833},"slope":{"confidence_interval":{"confidence_level":0.95,"lower_bound":0.31125115236250706,"upper_bound":0.3114802297548071},"point_estimate":0.3113585156553397,"standard_error":0.00005842286546734076},"std_dev":{"confidence_interval":{"confidence_level":0.95,"lower_bound":0.0005445034118556939,"upper_bound":0.009132506588491872},"point_estimate":0.005383264714317818,"standard_error":0.002899052715995836}}