{"mean":{"confidence_interval":{"confidence_level":0.95,"lower_bound":0.31125713023189916,"upper_bound":0.31236025281440444},"point_estimate":0.31165981690753375,"standard_error":0.0003156218613481163},"median":{"confidence_interval":{"confidence_level":0.95,"lower_bound":0.311054458320149,"upper_bound":0.31119562754821883},"point_estimate":0.311106016514782,"standard_error":0.000039021135647337876},"median_abs_dev":{"confidence_interval":{"confidence_level":0.95,"lower_bound":0.00019446737507241852,"upper_bound":0.0003784734983271707},"point_estimate":0.0002710444704817756,"standard_error":0.00004932917085051697},"slope":{"confidence_interval":{"confidence_level":0.95,"lower_bound":0.311250251717959,"upper_bound":0.31157375186427},"point_estimate":0.31139168226049596,"standard_error":0.00008305979130761671},"std_dev":{"confidence_interval":{"confidence_level":0.95,"lower_bound":0.0004969637615830419,"upper_bound":0.005357776045274674},"point_estimate":0.0031660761685709925,"standard_error":0.0016811346098485943}}