{"mean":{"confidence_interval":{"confidence_level":0.95,"lower_bound":0.31227500070626024,"upper_bound":0.3143287666637954},"point_estimate":0.31304120138993,"standard_error":0.0005586741559748262},"median":{"confidence_interval":{"confidence_level":0.95,"lower_bound":0.31192133307632924,"upper_bound":0.3123595249180945},"point_estimate":0.312026451929996,"standard_error":0.00012868973141309342},"median_abs_dev":{"confidence_interval":{"confidence_level":0.95,"lower_bound":0.0005885820045255497,"upper_bound":0.0010654652753644706},"point_estimate":0.0007364037766774944,"standard_error":0.00012205734734750433},"slope":{"confidence_interval":{"confidence_level":0.95,"lower_bound":0.31230135282799093,"upper_bound":0.3128063400506618},"point_estimate":0.31253841795801346,"standard_error":0.00012920878590956926},"std_dev":{"confidence_interval":{"confidence_level":0.95,"lower_bound":0.0009367389305130714,"upper_bound":0.009367887363498943},"point_estimate":0.005586520217508225,"standard_error":0.0027393972143683683}}