{"mean":{"confidence_interval":{"confidence_level":0.95,"lower_bound":0.31125479936312656,"upper_bound":0.3129105630071428},"point_estimate":0.3118401447012576,"standard_error":0.0004966855829396705},"median":{"confidence_interval":{"confidence_level":0.95,"lower_bound":0.31110243453461583,"upper_bound":0.3112440620224297},"point_estimate":0.31119145427406797,"standard_error":0.000039064025303032975},"median_abs_dev":{"confidence_interval":{"confidence_level":0.95,"lower_bound":0.0002346745695692815,"upper_bound":0.0004133118032687142},"point_estimate":0.0003327899267528969,"standard_error":0.000043285839257476445},"slope":{"confidence_interval":{"confidence_level":0.95,"lower_bound":0.31127959719215437,"upper_bound":0.3115240442826173},"point_estimate":0.31139444776772135,"standard_error":0.00006267930623666375},"std_dev":{"confidence_interval":{"confidence_level":0.95,"lower_bound":0.0003913128189371805,"upper_bound":0.00854108458728805},"point_estimate":0.00500440979936458,"standard_error":0.0028556374110424347}}