{"mean":{"confidence_interval":{"confidence_level":0.95,"lower_bound":0.31126908053311597,"upper_bound":0.3120959820766867},"point_estimate":0.31158661000435456,"standard_error":0.0002219183051681369},"median":{"confidence_interval":{"confidence_level":0.95,"lower_bound":0.31103514412545785,"upper_bound":0.3112634661929685},"point_estimate":0.31114181963489773,"standard_error":0.00005907822577128001},"median_abs_dev":{"confidence_interval":{"confidence_level":0.95,"lower_bound":0.00026935322650935425,"upper_bound":0.0005285425148450323},"point_estimate":0.00039239126084532106,"standard_error":0.00006319080857155323},"slope":{"confidence_interval":{"confidence_level":0.95,"lower_bound":0.31121670236342247,"upper_bound":0.3114355245220194},"point_estimate":0.3113177121310118,"standard_error":0.00005592414775698473},"std_dev":{"confidence_interval":{"confidence_level":0.95,"lower_bound":0.0005428059195641287,"upper_bound":0.0037047625380412902},"point_estimate":0.0022325625705170242,"standard_error":0.0010379772557611777}}