{"mean":{"confidence_interval":{"confidence_level":0.95,"lower_bound":-0.0032121827826221932,"upper_bound":0.0027917158358226777},"point_estimate":0.0002576080801957037,"standard_error":0.001550150419685156},"median":{"confidence_interval":{"confidence_level":0.95,"lower_bound":-0.00033130391130598014,"upper_bound":0.0013886367060895743},"point_estimate":0.0005773149327301663,"standard_error":0.000428104570426665}}