{"mean":{"confidence_interval":{"confidence_level":0.95,"lower_bound":-0.0003016918663532232,"upper_bound":0.02494864673873605},"point_estimate":0.010513911874102,"standard_error":0.006483187576653765},"median":{"confidence_interval":{"confidence_level":0.95,"lower_bound":0.0007789402976419169,"upper_bound":0.0019368714108649598},"point_estimate":0.0011895096496408186,"standard_error":0.000302381044204639}}