{"mean":{"confidence_interval":{"confidence_level":0.95,"lower_bound":0.31120087845639105,"upper_bound":0.3132641315613496},"point_estimate":0.31200150340574984,"standard_error":0.0005501789891755893},"median":{"confidence_interval":{"confidence_level":0.95,"lower_bound":0.31093069233068166,"upper_bound":0.3111566420453419},"point_estimate":0.31099420499188823,"standard_error":0.00006565930162890207},"median_abs_dev":{"confidence_interval":{"confidence_level":0.95,"lower_bound":0.00019621668875193402,"upper_bound":0.00044927505405780224},"point_estimate":0.0002799358284581063,"standard_error":0.00006200108401053679},"slope":{"confidence_interval":{"confidence_level":0.95,"lower_bound":0.3111857638642222,"upper_bound":0.3116440383919534},"point_estimate":0.3113801555377872,"standard_error":0.00011822336438339326},"std_dev":{"confidence_interval":{"confidence_level":0.95,"lower_bound":0.0006549074469867219,"upper_bound":0.009173632045988457},"point_estimate":0.005536972689024542,"standard_error":0.002515890319007686}}