{"mean":{"confidence_interval":{"confidence_level":0.95,"lower_bound":-0.002288760857444235,"upper_bound":0.0022142972991491534},"point_estimate":0.00008838268243827052,"standard_error":0.001145033969731068},"median":{"confidence_interval":{"confidence_level":0.95,"lower_bound":-0.0006166409883693729,"upper_bound":0.0010579593587061176},"point_estimate":0.00013191003230850207,"standard_error":0.00042421789648252115}}