{"mean":{"confidence_interval":{"confidence_level":0.95,"lower_bound":-0.005232439073521278,"upper_bound":0.0020347393480602423},"point_estimate":-0.0013440809834251999,"standard_error":0.0018372060178295276},"median":{"confidence_interval":{"confidence_level":0.95,"lower_bound":-0.0007449701882871196,"upper_bound":0.0005254246292285547},"point_estimate":-0.000028598605725571602,"standard_error":0.0003159516066097715}}