{"mean":{"confidence_interval":{"confidence_level":0.95,"lower_bound":0.31235857722350036,"upper_bound":0.31399738622958406},"point_estimate":0.31312819249295903,"standard_error":0.00041828072380694096},"median":{"confidence_interval":{"confidence_level":0.95,"lower_bound":0.31110727723740245,"upper_bound":0.31148689593951406},"point_estimate":0.3112642719109535,"standard_error":0.00009713550932926715},"median_abs_dev":{"confidence_interval":{"confidence_level":0.95,"lower_bound":0.00032984704297784245,"upper_bound":0.000850256336734458},"point_estimate":0.0005307177249536664,"standard_error":0.00013503156487251996},"slope":{"confidence_interval":{"confidence_level":0.95,"lower_bound":0.31317761732384625,"upper_bound":0.31591779737233455},"point_estimate":0.3145260183942261,"standard_error":0.0006992248777911914},"std_dev":{"confidence_interval":{"confidence_level":0.95,"lower_bound":0.0030037465559019263,"upper_bound":0.0051607418910110826},"point_estimate":0.004191378091283893,"standard_error":0.0005492773243194643}}