{"mean":{"confidence_interval":{"confidence_level":0.95,"lower_bound":0.3112655873938304,"upper_bound":0.31208690718198784},"point_estimate":0.31160841569145403,"standard_error":0.00021289375356082588},"median":{"confidence_interval":{"confidence_level":0.95,"lower_bound":0.31105474932067245,"upper_bound":0.31122328833582524},"point_estimate":0.3111298091009261,"standard_error":0.00004910961973656008},"median_abs_dev":{"confidence_interval":{"confidence_level":0.95,"lower_bound":0.0002614761644234776,"upper_bound":0.00045013279448848456},"point_estimate":0.00035226632702931065,"standard_error":0.00004617850531018225},"slope":{"confidence_interval":{"confidence_level":0.95,"lower_bound":0.3111949287778671,"upper_bound":0.31148534293299157},"point_estimate":0.3113264116146865,"standard_error":0.00007431062571694912},"std_dev":{"confidence_interval":{"confidence_level":0.95,"lower_bound":0.0006365706917498863,"upper_bound":0.003387349533688056},"point_estimate":0.00214133825748523,"standard_error":0.0007637925704367712}}