{"mean":{"confidence_interval":{"confidence_level":0.95,"lower_bound":0.3115403416882837,"upper_bound":0.31350980113773214},"point_estimate":0.3122645738685668,"standard_error":0.0005469459444318845},"median":{"confidence_interval":{"confidence_level":0.95,"lower_bound":0.3111954840425345,"upper_bound":0.31148493443004865},"point_estimate":0.3113093570032605,"standard_error":0.00007062294862180873},"median_abs_dev":{"confidence_interval":{"confidence_level":0.95,"lower_bound":0.00030548860632938023,"upper_bound":0.0005979932975260405},"point_estimate":0.0004613299786236739,"standard_error":0.00007055374576100189},"slope":{"confidence_interval":{"confidence_level":0.95,"lower_bound":0.31151813710114973,"upper_bound":0.312184657005645},"point_estimate":0.31180595572331726,"standard_error":0.0001724397715187533},"std_dev":{"confidence_interval":{"confidence_level":0.95,"lower_bound":0.0008857684785055232,"upper_bound":0.009197124228576927},"point_estimate":0.005463485491902132,"standard_error":0.0027908316421933555}}