{"mean":{"confidence_interval":{"confidence_level":0.95,"lower_bound":-0.0014835717165413182,"upper_bound":0.005941178026461798},"point_estimate":0.0015809355006901615,"standard_error":0.001976997655621911},"median":{"confidence_interval":{"confidence_level":0.95,"lower_bound":-0.0005263000086570546,"upper_bound":0.0007185598538677063},"point_estimate":0.00010022425856215378,"standard_error":0.000331196633554679}}