{"mean":{"confidence_interval":{"confidence_level":0.95,"lower_bound":-0.0023497736816785737,"upper_bound":0.001421489251829604},"point_estimate":-0.0004673462810321771,"standard_error":0.000952865228426984},"median":{"confidence_interval":{"confidence_level":0.95,"lower_bound":-0.00042131861266980764,"upper_bound":0.00036792103824212496},"point_estimate":6.231168625303596e-6,"standard_error":0.0002027281559005798}}