{"mean":{"confidence_interval":{"confidence_level":0.95,"lower_bound":-0.0036482345383210516,"upper_bound":0.004375367199135748},"point_estimate":0.0004638879156464437,"standard_error":0.0020302462970069406},"median":{"confidence_interval":{"confidence_level":0.95,"lower_bound":-0.0007061211958967473,"upper_bound":0.0006311657409998617},"point_estimate":-0.0003074167301794217,"standard_error":0.0003356796670589037}}