{"mean":{"confidence_interval":{"confidence_level":0.95,"lower_bound":-0.0033189235023977346,"upper_bound":0.004657150759942108},"point_estimate":0.0003810568915758594,"standard_error":0.0020163286052493645},"median":{"confidence_interval":{"confidence_level":0.95,"lower_bound":-0.0008985304854928183,"upper_bound":0.00005927855313569985},"point_estimate":-0.00042852370049561994,"standard_error":0.00025125219819113954}}