{"mean":{"confidence_interval":{"confidence_level":0.95,"lower_bound":0.00032953406509543857,"upper_bound":0.008602607432044359},"point_estimate":0.0038207275971327004,"standard_error":0.002151892149980086},"median":{"confidence_interval":{"confidence_level":0.95,"lower_bound":0.0008187001831934104,"upper_bound":0.00239986862242203},"point_estimate":0.0017057454535569505,"standard_error":0.00039932398627081386}}