{"mean":{"confidence_interval":{"confidence_level":0.95,"lower_bound":0.31158617475709854,"upper_bound":0.31399564116811773},"point_estimate":0.312535533612887,"standard_error":0.0006406959157914803},"median":{"confidence_interval":{"confidence_level":0.95,"lower_bound":0.3112641603437683,"upper_bound":0.311575345799436},"point_estimate":0.3114405591943815,"standard_error":0.00007666085192482198},"median_abs_dev":{"confidence_interval":{"confidence_level":0.95,"lower_bound":0.00044670308318889247,"upper_bound":0.0007796444152553803},"point_estimate":0.0006653509217595988,"standard_error":0.00008901758702041408},"slope":{"confidence_interval":{"confidence_level":0.95,"lower_bound":0.31147861837660673,"upper_bound":0.3125431970386959},"point_estimate":0.31187682400640865,"standard_error":0.000284236286750947},"std_dev":{"confidence_interval":{"confidence_level":0.95,"lower_bound":0.0008352660028206149,"upper_bound":0.01055354159576028},"point_estimate":0.006445944150886497,"standard_error":0.0027934832996008257}}