{"mean":{"confidence_interval":{"confidence_level":0.95,"lower_bound":0.3112498231807479,"upper_bound":0.31279705952215137},"point_estimate":0.3118639861713292,"standard_error":0.0004078259340365296},"median":{"confidence_interval":{"confidence_level":0.95,"lower_bound":0.3109586256316137,"upper_bound":0.3112185016504699},"point_estimate":0.3110488319946749,"standard_error":0.00006200757333930838},"median_abs_dev":{"confidence_interval":{"confidence_level":0.95,"lower_bound":0.0002104483494530069,"upper_bound":0.00044875254953284264},"point_estimate":0.00030638445152506076,"standard_error":0.00005457453176914964},"slope":{"confidence_interval":{"confidence_level":0.95,"lower_bound":0.3111999750574181,"upper_bound":0.31196763844718456},"point_estimate":0.3115215281706623,"standard_error":0.00019984326513353902},"std_dev":{"confidence_interval":{"confidence_level":0.95,"lower_bound":0.0007391525052452894,"upper_bound":0.006655070334919263},"point_estimate":0.004073615472594021,"standard_error":0.001717534517994966}}