{"mean":{"confidence_interval":{"confidence_level":0.95,"lower_bound":0.31114525772633944,"upper_bound":0.3140298545509034},"point_estimate":0.3122497327385241,"standard_error":0.0007711769206612783},"median":{"confidence_interval":{"confidence_level":0.95,"lower_bound":0.3108117796588367,"upper_bound":0.31108013475571594},"point_estimate":0.3109817889834816,"standard_error":0.00006960112991569468},"median_abs_dev":{"confidence_interval":{"confidence_level":0.95,"lower_bound":0.0004053765966418015,"upper_bound":0.0006836208173739198},"point_estimate":0.0006067122132526597,"standard_error":0.00007718711337397734},"slope":{"confidence_interval":{"confidence_level":0.95,"lower_bound":0.31102878049296134,"upper_bound":0.3162149487030092},"point_estimate":0.31269303122644637,"standard_error":0.0015401571131634238},"std_dev":{"confidence_interval":{"confidence_level":0.95,"lower_bound":0.0013197473603801192,"upper_bound":0.012943667639414931},"point_estimate":0.007784597259098917,"standard_error":0.003630934273902667}}