{"mean":{"confidence_interval":{"confidence_level":0.95,"lower_bound":15.72590665884828,"upper_bound":15.75942368154205},"point_estimate":15.740496961041117,"standard_error":0.008642341144930168},"median":{"confidence_interval":{"confidence_level":0.95,"lower_bound":15.720816974253198,"upper_bound":15.72731910708746},"point_estimate":15.723890554366715,"standard_error":0.0016475365253934586},"median_abs_dev":{"confidence_interval":{"confidence_level":0.95,"lower_bound":0.010234801914137772,"upper_bound":0.017313492731794455},"point_estimate":0.013517248651377916,"standard_error":0.0017495195728233694},"slope":{"confidence_interval":{"confidence_level":0.95,"lower_bound":15.723940774463818,"upper_bound":15.7606503129624},"point_estimate":15.737711364994,"standard_error":0.00999286592117527},"std_dev":{"confidence_interval":{"confidence_level":0.95,"lower_bound":0.02037739832114251,"upper_bound":0.1285683822802301},"point_estimate":0.0867684378607361,"standard_error":0.02617394870743341}}