{"mean":{"confidence_interval":{"confidence_level":0.95,"lower_bound":0.31117552314969715,"upper_bound":0.3122381664046182},"point_estimate":0.31156998501614586,"standard_error":0.0002943594225072106},"median":{"confidence_interval":{"confidence_level":0.95,"lower_bound":0.31097986597462324,"upper_bound":0.31111321747467235},"point_estimate":0.3110613979641961,"standard_error":0.00003141355355300188},"median_abs_dev":{"confidence_interval":{"confidence_level":0.95,"lower_bound":0.00017967884512318458,"upper_bound":0.000327769048147535},"point_estimate":0.0002756057567111108,"standard_error":0.000034714640215379795},"slope":{"confidence_interval":{"confidence_level":0.95,"lower_bound":0.31116145475110535,"upper_bound":0.31148802333239367},"point_estimate":0.3113071883438123,"standard_error":0.00008419790212783558},"std_dev":{"confidence_interval":{"confidence_level":0.95,"lower_bound":0.0005222495766199734,"upper_bound":0.004926260209890481},"point_estimate":0.002933559305296194,"standard_error":0.0014742227719167285}}