{"mean":{"confidence_interval":{"confidence_level":0.95,"lower_bound":0.31131232974090367,"upper_bound":0.3125323853910516},"point_estimate":0.31183793790656883,"standard_error":0.0003161632110659408},"median":{"confidence_interval":{"confidence_level":0.95,"lower_bound":0.3110254312427639,"upper_bound":0.31120715011878247},"point_estimate":0.31110916212797013,"standard_error":0.00005239844418271468},"median_abs_dev":{"confidence_interval":{"confidence_level":0.95,"lower_bound":0.00025825924805964503,"upper_bound":0.00047604635863375013},"point_estimate":0.00035555469770147684,"standard_error":0.0000626040547415238},"slope":{"confidence_interval":{"confidence_level":0.95,"lower_bound":0.31118335412857034,"upper_bound":0.3116074504384564},"point_estimate":0.31136392367333043,"standard_error":0.00010900132992104146},"std_dev":{"confidence_interval":{"confidence_level":0.95,"lower_bound":0.0007108088188441965,"upper_bound":0.0047881162766685295},"point_estimate":0.003181169153218831,"standard_error":0.0010143014004908237}}