{"mean":{"confidence_interval":{"confidence_level":0.95,"lower_bound":0.311122730584413,"upper_bound":0.31297507204686065},"point_estimate":0.31178408048899553,"standard_error":0.0005389650718473712},"median":{"confidence_interval":{"confidence_level":0.95,"lower_bound":0.31100024025963796,"upper_bound":0.31112733106286766},"point_estimate":0.3110515019273459,"standard_error":0.00003338175018868466},"median_abs_dev":{"confidence_interval":{"confidence_level":0.95,"lower_bound":0.000178298325823011,"upper_bound":0.0003049482150893206},"point_estimate":0.00024126083326827223,"standard_error":0.00003437449867105686},"slope":{"confidence_interval":{"confidence_level":0.95,"lower_bound":0.3111166538399546,"upper_bound":0.31125432579682355},"point_estimate":0.3111811898977671,"standard_error":0.00003525127561200127},"std_dev":{"confidence_interval":{"confidence_level":0.95,"lower_bound":0.00032506859380977156,"upper_bound":0.009177626271567695},"point_estimate":0.005396053109769516,"standard_error":0.0029754008984239876}}