{"mean":{"confidence_interval":{"confidence_level":0.95,"lower_bound":0.000025380158908783367,"upper_bound":0.005519583282449401},"point_estimate":0.002309602113059528,"standard_error":0.0013977176640318856},"median":{"confidence_interval":{"confidence_level":0.95,"lower_bound":0.00047133324740127904,"upper_bound":0.0010764530067839714},"point_estimate":0.0007466174436177031,"standard_error":0.00015462123041409793}}