{"mean":{"confidence_interval":{"confidence_level":0.95,"lower_bound":5.469650517269656,"upper_bound":5.48870050398589},"point_estimate":5.47687479490836,"standard_error":0.005221748490080474},"median":{"confidence_interval":{"confidence_level":0.95,"lower_bound":5.466711361328061,"upper_bound":5.473972516367111},"point_estimate":5.4701352885830925,"standard_error":0.0019347685491531619},"median_abs_dev":{"confidence_interval":{"confidence_level":0.95,"lower_bound":0.009902123337948638,"upper_bound":0.017273287921626305},"point_estimate":0.012860698278023412,"standard_error":0.0019137418747821825},"slope":{"confidence_interval":{"confidence_level":0.95,"lower_bound":5.470361151546629,"upper_bound":5.475870825830737},"point_estimate":5.473147651853616,"standard_error":0.0014062638379715529},"std_dev":{"confidence_interval":{"confidence_level":0.95,"lower_bound":0.012811241656615608,"upper_bound":0.08796311153399522},"point_estimate":0.052470817266401334,"standard_error":0.025836629025596806}}