{"mean":{"confidence_interval":{"confidence_level":0.95,"lower_bound":-0.002653550871112956,"upper_bound":0.0025116300285454606},"point_estimate":-0.00035943821235739914,"standard_error":0.001288292393125546},"median":{"confidence_interval":{"confidence_level":0.95,"lower_bound":-0.0007315380303163366,"upper_bound":0.00005284711020459021},"point_estimate":-0.0004022467620830028,"standard_error":0.0001984769871152752}}