{"mean":{"confidence_interval":{"confidence_level":0.95,"lower_bound":5.4742651726175175,"upper_bound":5.493217443527832},"point_estimate":5.4820165374223055,"standard_error":0.004967297532762354},"median":{"confidence_interval":{"confidence_level":0.95,"lower_bound":5.470905764981065,"upper_bound":5.479664839932185},"point_estimate":5.4739425994195265,"standard_error":0.0020568801313499492},"median_abs_dev":{"confidence_interval":{"confidence_level":0.95,"lower_bound":0.013814074898190377,"upper_bound":0.02271344827262104},"point_estimate":0.018554080542076724,"standard_error":0.0021170205607587804},"slope":{"confidence_interval":{"confidence_level":0.95,"lower_bound":5.473412839896378,"upper_bound":5.483900740533394},"point_estimate":5.478293906158061,"standard_error":0.002685119127689564},"std_dev":{"confidence_interval":{"confidence_level":0.95,"lower_bound":0.018642253326604918,"upper_bound":0.08049892587509247},"point_estimate":0.049948014989825304,"standard_error":0.02018285998913427}}