{"mean":{"confidence_interval":{"confidence_level":0.95,"lower_bound":7.469824396356039,"upper_bound":7.5032370160886295},"point_estimate":7.481708133906538,"standard_error":0.00984694286413033},"median":{"confidence_interval":{"confidence_level":0.95,"lower_bound":7.467172718113272,"upper_bound":7.470842106964416},"point_estimate":7.468446079759934,"standard_error":0.0010467923582408655},"median_abs_dev":{"confidence_interval":{"confidence_level":0.95,"lower_bound":0.005898368603312045,"upper_bound":0.00916662245691898},"point_estimate":0.00751649768120222,"standard_error":0.0007967376454234665},"slope":{"confidence_interval":{"confidence_level":0.95,"lower_bound":7.4703484730231455,"upper_bound":7.475989204981529},"point_estimate":7.472981261144534,"standard_error":0.001441245463394023},"std_dev":{"confidence_interval":{"confidence_level":0.95,"lower_bound":0.009027809721534918,"upper_bound":0.1688384478185578},"point_estimate":0.09910040162443617,"standard_error":0.055467104863826826}}