{"mean":{"confidence_interval":{"confidence_level":0.95,"lower_bound":-0.0038559140877417733,"upper_bound":0.0021348241651623283},"point_estimate":-0.00042770603151043307,"standard_error":0.0015459571038889954},"median":{"confidence_interval":{"confidence_level":0.95,"lower_bound":0.000017314399522572188,"upper_bound":0.0007688472349896003},"point_estimate":0.0003996543864586144,"standard_error":0.00019552780232080487}}