{"mean":{"confidence_interval":{"confidence_level":0.95,"lower_bound":0.3105197723443172,"upper_bound":0.31205358958643653},"point_estimate":0.31118262398726826,"standard_error":0.0003941762261378335},"median":{"confidence_interval":{"confidence_level":0.95,"lower_bound":0.3110543033472042,"upper_bound":0.31129764724671205},"point_estimate":0.31114564626589636,"standard_error":0.00006542491556643743},"median_abs_dev":{"confidence_interval":{"confidence_level":0.95,"lower_bound":0.00027065259026818906,"upper_bound":0.0005391878040184186},"point_estimate":0.00040411412982363927,"standard_error":0.00006593965848791671},"slope":{"confidence_interval":{"confidence_level":0.95,"lower_bound":0.3098313840415559,"upper_bound":0.31113743824856166},"point_estimate":0.3105285324734898,"standard_error":0.0003340424554304087},"std_dev":{"confidence_interval":{"confidence_level":0.95,"lower_bound":0.0014634668857216608,"upper_bound":0.006299019272244762},"point_estimate":0.003968745976333675,"standard_error":0.0014001991831286574}}