{"mean":{"confidence_interval":{"confidence_level":0.95,"lower_bound":0.3112797475054921,"upper_bound":0.313087188679676},"point_estimate":0.31192771107022876,"standard_error":0.0005324517350414183},"median":{"confidence_interval":{"confidence_level":0.95,"lower_bound":0.31104108323969665,"upper_bound":0.3112598731632028},"point_estimate":0.3111341754134864,"standard_error":0.000058740296983748015},"median_abs_dev":{"confidence_interval":{"confidence_level":0.95,"lower_bound":0.00026943951906896544,"upper_bound":0.0005156418036612835},"point_estimate":0.00037192375608248435,"standard_error":0.00006585121665558558},"slope":{"confidence_interval":{"confidence_level":0.95,"lower_bound":0.3112382429161825,"upper_bound":0.3115269296034807},"point_estimate":0.3113714774973926,"standard_error":0.00007370971133669068},"std_dev":{"confidence_interval":{"confidence_level":0.95,"lower_bound":0.0006032897758245794,"upper_bound":0.009099190911190744},"point_estimate":0.005346556579450504,"standard_error":0.0029750753897813927}}