{"mean":{"confidence_interval":{"confidence_level":0.95,"lower_bound":0.3110751073899923,"upper_bound":0.3127819826320863},"point_estimate":0.3116629125784765,"standard_error":0.000534692737521848},"median":{"confidence_interval":{"confidence_level":0.95,"lower_bound":0.3109645424976798,"upper_bound":0.3110879242822958},"point_estimate":0.31103992158124016,"standard_error":0.000036417602682979505},"median_abs_dev":{"confidence_interval":{"confidence_level":0.95,"lower_bound":0.00016133790237669185,"upper_bound":0.00030868309521187443},"point_estimate":0.0002529122257695403,"standard_error":0.0000429918329265124},"slope":{"confidence_interval":{"confidence_level":0.95,"lower_bound":0.3110895022299962,"upper_bound":0.3112766078051953},"point_estimate":0.311174463769711,"standard_error":0.000048072803780890116},"std_dev":{"confidence_interval":{"confidence_level":0.95,"lower_bound":0.0002476802190041078,"upper_bound":0.009200613899617401},"point_estimate":0.005371650887394607,"standard_error":0.0032109164014531484}}