{"mean":{"confidence_interval":{"confidence_level":0.95,"lower_bound":-0.002892433255778884,"upper_bound":0.0029409127115727993},"point_estimate":0.00001735760125898267,"standard_error":0.001481081778361823},"median":{"confidence_interval":{"confidence_level":0.95,"lower_bound":0.0003125240004100416,"upper_bound":0.0014581855950559497},"point_estimate":0.0010884359573652969,"standard_error":0.00030048501709111907}}