{"mean":{"confidence_interval":{"confidence_level":0.95,"lower_bound":0.3122535193579029,"upper_bound":0.31426244042068674},"point_estimate":0.31300721842884516,"standard_error":0.0005557579278308619},"median":{"confidence_interval":{"confidence_level":0.95,"lower_bound":0.3117313218480773,"upper_bound":0.3122899946135177},"point_estimate":0.3119958659914468,"standard_error":0.00014309200452959265},"median_abs_dev":{"confidence_interval":{"confidence_level":0.95,"lower_bound":0.0006655516233466089,"upper_bound":0.0012641158144322151},"point_estimate":0.0008600889039347635,"standard_error":0.00016260074805919035},"slope":{"confidence_interval":{"confidence_level":0.95,"lower_bound":0.31229219658822766,"upper_bound":0.31304576843633397},"point_estimate":0.3126451854148398,"standard_error":0.00019251280707493302},"std_dev":{"confidence_interval":{"confidence_level":0.95,"lower_bound":0.0012152653981758455,"upper_bound":0.009405003192073682},"point_estimate":0.005606895610574407,"standard_error":0.002808718386310737}}