{"mean":{"confidence_interval":{"confidence_level":0.95,"lower_bound":0.31130355190687475,"upper_bound":0.3131418327175747},"point_estimate":0.311971541290294,"standard_error":0.0005125591717856339},"median":{"confidence_interval":{"confidence_level":0.95,"lower_bound":0.3110894159346781,"upper_bound":0.3113438774914229},"point_estimate":0.3111969124318549,"standard_error":0.00006978590763923127},"median_abs_dev":{"confidence_interval":{"confidence_level":0.95,"lower_bound":0.00026558784021952256,"upper_bound":0.0005010776106445155},"point_estimate":0.0003689326632944892,"standard_error":0.00005845953317895629},"slope":{"confidence_interval":{"confidence_level":0.95,"lower_bound":0.3112911414629209,"upper_bound":0.31154218761636593},"point_estimate":0.311404511699467,"standard_error":0.0000645726778771618},"std_dev":{"confidence_interval":{"confidence_level":0.95,"lower_bound":0.0004950133402449946,"upper_bound":0.008686814089562126},"point_estimate":0.005141560972414111,"standard_error":0.002668846626860792}}