{"mean":{"confidence_interval":{"confidence_level":0.95,"lower_bound":0.3110982659435629,"upper_bound":0.311831779155188},"point_estimate":0.3113807401345255,"standard_error":0.00019795093380250864},"median":{"confidence_interval":{"confidence_level":0.95,"lower_bound":0.31092440736970695,"upper_bound":0.3110164767477241},"point_estimate":0.31098956354929974,"standard_error":0.000024136746254403457},"median_abs_dev":{"confidence_interval":{"confidence_level":0.95,"lower_bound":0.00012148294637445088,"upper_bound":0.00022962584403286694},"point_estimate":0.00018435979349392482,"standard_error":0.00002738821495859849},"slope":{"confidence_interval":{"confidence_level":0.95,"lower_bound":0.31100155602614055,"upper_bound":0.3112372381664215},"point_estimate":0.31110884606967976,"standard_error":0.00006026398625408529},"std_dev":{"confidence_interval":{"confidence_level":0.95,"lower_bound":0.00043875540236173945,"upper_bound":0.00331667349630405},"point_estimate":0.001998606942382513,"standard_error":0.0009329392466432211}}