{"mean":{"confidence_interval":{"confidence_level":0.95,"lower_bound":-0.0017518867466468605,"upper_bound":0.0031725513233309796},"point_estimate":0.0004282034427036674,"standard_error":0.0012838270625665114},"median":{"confidence_interval":{"confidence_level":0.95,"lower_bound":-0.001005202880156042,"upper_bound":0.00041091272358362296},"point_estimate":-0.00013194286960815926,"standard_error":0.0003722329835958475}}