{"mean":{"confidence_interval":{"confidence_level":0.95,"lower_bound":0.3112490263003377,"upper_bound":0.31246985150025675},"point_estimate":0.3116982685632672,"standard_error":0.00034473518500905944},"median":{"confidence_interval":{"confidence_level":0.95,"lower_bound":0.3110780007695805,"upper_bound":0.3112016180431224},"point_estimate":0.3111467119139837,"standard_error":0.00003478910544971995},"median_abs_dev":{"confidence_interval":{"confidence_level":0.95,"lower_bound":0.0002535640463695524,"upper_bound":0.0004442490843865799},"point_estimate":0.0003714564494271477,"standard_error":0.000050500738102021574},"slope":{"confidence_interval":{"confidence_level":0.95,"lower_bound":0.31118546309073003,"upper_bound":0.31141989771198897},"point_estimate":0.3112926394133953,"standard_error":0.00005994238522368133},"std_dev":{"confidence_interval":{"confidence_level":0.95,"lower_bound":0.0004787976033777945,"upper_bound":0.005869670379972295},"point_estimate":0.003472691732114805,"standard_error":0.001812780281582173}}