{"mean":{"confidence_interval":{"confidence_level":0.95,"lower_bound":0.31115104852649184,"upper_bound":0.31314248391393695},"point_estimate":0.3119149510810944,"standard_error":0.0005323043067267797},"median":{"confidence_interval":{"confidence_level":0.95,"lower_bound":0.31082719246656115,"upper_bound":0.31100690908051715},"point_estimate":0.31090280290187733,"standard_error":0.00004899946132735211},"median_abs_dev":{"confidence_interval":{"confidence_level":0.95,"lower_bound":0.00011643947608407632,"upper_bound":0.0003554877626872592},"point_estimate":0.00021731775812054574,"standard_error":0.00006339667077265345},"slope":{"confidence_interval":{"confidence_level":0.95,"lower_bound":0.31107435275086287,"upper_bound":0.31144211146801365},"point_estimate":0.3112346007269112,"standard_error":0.00009467432708147163},"std_dev":{"confidence_interval":{"confidence_level":0.95,"lower_bound":0.000637938598747758,"upper_bound":0.008878752816245986},"point_estimate":0.005354080280251991,"standard_error":0.0024627691652473714}}