{"mean":{"confidence_interval":{"confidence_level":0.95,"lower_bound":-0.004364285654901635,"upper_bound":0.00363413707459142},"point_estimate":-0.0005392047432865033,"standard_error":0.002011390763204346},"median":{"confidence_interval":{"confidence_level":0.95,"lower_bound":-0.0015101850181810095,"upper_bound":-0.00024733885200267647},"point_estimate":-0.0006722620059438356,"standard_error":0.0003350739191298071}}