{"mean":{"confidence_interval":{"confidence_level":0.95,"lower_bound":0.31127498233136436,"upper_bound":0.3128738833751432},"point_estimate":0.31192105297725076,"standard_error":0.0004218757841958872},"median":{"confidence_interval":{"confidence_level":0.95,"lower_bound":0.3109739747208565,"upper_bound":0.3112086075481312},"point_estimate":0.3110719545838173,"standard_error":0.000058792895052875954},"median_abs_dev":{"confidence_interval":{"confidence_level":0.95,"lower_bound":0.00018424706674164844,"upper_bound":0.0004189951633615038},"point_estimate":0.0002863060585012703,"standard_error":0.00005879496365781627},"slope":{"confidence_interval":{"confidence_level":0.95,"lower_bound":0.3111788322107212,"upper_bound":0.31312983605274786},"point_estimate":0.3118747748976399,"standard_error":0.0005363559203663947},"std_dev":{"confidence_interval":{"confidence_level":0.95,"lower_bound":0.0008043541388342616,"upper_bound":0.00692304038348978},"point_estimate":0.0042578605280555164,"standard_error":0.0017597585017675482}}