{"mean":{"confidence_interval":{"confidence_level":0.95,"lower_bound":4.991664682655189,"upper_bound":5.013620374026766},"point_estimate":5.000606007490438,"standard_error":0.005712346982316244},"median":{"confidence_interval":{"confidence_level":0.95,"lower_bound":4.988033334402839,"upper_bound":4.992838590897814},"point_estimate":4.989951012673243,"standard_error":0.001379055662995881},"median_abs_dev":{"confidence_interval":{"confidence_level":0.95,"lower_bound":0.0077251868994347595,"upper_bound":0.013620749955658562},"point_estimate":0.010219528747531896,"standard_error":0.0015483632139323743},"slope":{"confidence_interval":{"confidence_level":0.95,"lower_bound":4.992262871979725,"upper_bound":5.016799228420945},"point_estimate":5.00305116273888,"standard_error":0.006318033863735242},"std_dev":{"confidence_interval":{"confidence_level":0.95,"lower_bound":0.01645265665566406,"upper_bound":0.0922267173780806},"point_estimate":0.057376443308263386,"standard_error":0.022210877215707556}}