{"mean":{"confidence_interval":{"confidence_level":0.95,"lower_bound":-0.00239861670300683,"upper_bound":0.0019879934015536614},"point_estimate":-0.00015271550255768762,"standard_error":0.0011030149879391324},"median":{"confidence_interval":{"confidence_level":0.95,"lower_bound":-0.000732491335144192,"upper_bound":-0.00004939460921749017},"point_estimate":-0.00044008832620734406,"standard_error":0.00018220497459019912}}