{"mean":{"confidence_interval":{"confidence_level":0.95,"lower_bound":-0.0007751645009136443,"upper_bound":0.006466334643416838},"point_estimate":0.0022157673000313682,"standard_error":0.0019263473722486782},"median":{"confidence_interval":{"confidence_level":0.95,"lower_bound":0.0006131648222906794,"upper_bound":0.001687024484031685},"point_estimate":0.0012735328521096267,"standard_error":0.00026701747948705795}}