{"mean":{"confidence_interval":{"confidence_level":0.95,"lower_bound":15.730335833934483,"upper_bound":15.79054413250223},"point_estimate":15.752207470199618,"standard_error":0.017388464445576794},"median":{"confidence_interval":{"confidence_level":0.95,"lower_bound":15.724667079015576,"upper_bound":15.73060763294059},"point_estimate":15.727118120252602,"standard_error":0.0015574635197795265},"median_abs_dev":{"confidence_interval":{"confidence_level":0.95,"lower_bound":0.012690287939524035,"upper_bound":0.02309378109654701},"point_estimate":0.018305409823684764,"standard_error":0.0027331780500910226},"slope":{"confidence_interval":{"confidence_level":0.95,"lower_bound":15.731507647592618,"upper_bound":15.741906046490197},"point_estimate":15.736369248934487,"standard_error":0.0026585248995157564},"std_dev":{"confidence_interval":{"confidence_level":0.95,"lower_bound":0.023317806586294818,"upper_bound":0.2965151326459629},"point_estimate":0.17470546544615104,"standard_error":0.09464521926312401}}