{"mean":{"confidence_interval":{"confidence_level":0.95,"lower_bound":-0.0034411368625120787,"upper_bound":0.002674202491567995},"point_estimate":0.00019962677395568562,"standard_error":0.0015987302620552766},"median":{"confidence_interval":{"confidence_level":0.95,"lower_bound":0.00009963564385451207,"upper_bound":0.0009753951582935905},"point_estimate":0.000552657363289244,"standard_error":0.00021944992392405486}}