{"mean":{"confidence_interval":{"confidence_level":0.95,"lower_bound":6.2562809372738055,"upper_bound":6.278727733296807},"point_estimate":6.264240800768293,"standard_error":0.006768672571904661},"median":{"confidence_interval":{"confidence_level":0.95,"lower_bound":6.254379199004603,"upper_bound":6.257173632622964},"point_estimate":6.255692214264843,"standard_error":0.0007122815077108037},"median_abs_dev":{"confidence_interval":{"confidence_level":0.95,"lower_bound":0.004007175572662229,"upper_bound":0.006624735639496351},"point_estimate":0.00516349660555149,"standard_error":0.0006659997722710684},"slope":{"confidence_interval":{"confidence_level":0.95,"lower_bound":6.256619811774239,"upper_bound":6.260276256657743},"point_estimate":6.258319129396015,"standard_error":0.0009377271263722536},"std_dev":{"confidence_interval":{"confidence_level":0.95,"lower_bound":0.00651624176130746,"upper_bound":0.11575993073406333},"point_estimate":0.06780541084363763,"standard_error":0.03875872470384638}}