{"mean":{"confidence_interval":{"confidence_level":0.95,"lower_bound":0.0007896034256156153,"upper_bound":0.005582257437608676},"point_estimate":0.003249013271757306,"standard_error":0.0012307478945963533},"median":{"confidence_interval":{"confidence_level":0.95,"lower_bound":0.0011943574447725869,"upper_bound":0.0023165612772231893},"point_estimate":0.0018198763682850672,"standard_error":0.0003053866365566654}}