{"mean":{"confidence_interval":{"confidence_level":0.95,"lower_bound":-0.0011537050505092239,"upper_bound":0.00391009877836607},"point_estimate":0.001117319933531924,"standard_error":0.0012864275689067842},"median":{"confidence_interval":{"confidence_level":0.95,"lower_bound":0.0001964489921369552,"upper_bound":0.0008424971672782444},"point_estimate":0.000488583466272674,"standard_error":0.00015965465039890776}}