{"mean":{"confidence_interval":{"confidence_level":0.95,"lower_bound":0.3112672674192951,"upper_bound":0.3130884268635416},"point_estimate":0.3119261025306505,"standard_error":0.0005295443816086093},"median":{"confidence_interval":{"confidence_level":0.95,"lower_bound":0.3109922509212127,"upper_bound":0.31123835491404217},"point_estimate":0.3111390696478915,"standard_error":0.00007326890758627911},"median_abs_dev":{"confidence_interval":{"confidence_level":0.95,"lower_bound":0.0002651722825812094,"upper_bound":0.0005482007494641084},"point_estimate":0.00041206504548797974,"standard_error":0.000084436561301487},"slope":{"confidence_interval":{"confidence_level":0.95,"lower_bound":0.3112092048048042,"upper_bound":0.3114737097436157},"point_estimate":0.3113331815591092,"standard_error":0.00006745177449677857},"std_dev":{"confidence_interval":{"confidence_level":0.95,"lower_bound":0.0006684641468129757,"upper_bound":0.009029641822945281},"point_estimate":0.005318209019773556,"standard_error":0.0029010902708067345}}