{"mean":{"confidence_interval":{"confidence_level":0.95,"lower_bound":15.614418101491168,"upper_bound":15.652832689044725},"point_estimate":15.630690089436527,"standard_error":0.009956051290359176},"median":{"confidence_interval":{"confidence_level":0.95,"lower_bound":15.607192811598932,"upper_bound":15.615091867142812},"point_estimate":15.609147356261676,"standard_error":0.0022134232250742747},"median_abs_dev":{"confidence_interval":{"confidence_level":0.95,"lower_bound":0.01064924089852801,"upper_bound":0.017721884877289634},"point_estimate":0.012962927587915075,"standard_error":0.0018214761972479292},"slope":{"confidence_interval":{"confidence_level":0.95,"lower_bound":15.611713998656509,"upper_bound":15.630824144651264},"point_estimate":15.618576249183763,"standard_error":0.005171364710065283},"std_dev":{"confidence_interval":{"confidence_level":0.95,"lower_bound":0.021374761966153004,"upper_bound":0.1542338107382089},"point_estimate":0.10032412174790532,"standard_error":0.03456769925588748}}