{"mean":{"confidence_interval":{"confidence_level":0.95,"lower_bound":3.7333602461647657,"upper_bound":3.7512903994272664},"point_estimate":3.7397428359977622,"standard_error":0.005355875216849183},"median":{"confidence_interval":{"confidence_level":0.95,"lower_bound":3.7315948081993007,"upper_bound":3.732745610500936},"point_estimate":3.732102698507793,"standard_error":0.0002957761197153037},"median_abs_dev":{"confidence_interval":{"confidence_level":0.95,"lower_bound":0.0018297216940292027,"upper_bound":0.0035031040900704315},"point_estimate":0.00255003816746261,"standard_error":0.00044151632954384434},"slope":{"confidence_interval":{"confidence_level":0.95,"lower_bound":3.733791482090311,"upper_bound":3.7376938903755006},"point_estimate":3.735581942542699,"standard_error":0.0009994696743348356},"std_dev":{"confidence_interval":{"confidence_level":0.95,"lower_bound":0.0054110990335107245,"upper_bound":0.09167125823905739},"point_estimate":0.05375666587704814,"standard_error":0.030459725272075206}}