{"mean":{"confidence_interval":{"confidence_level":0.95,"lower_bound":0.32260043279511186,"upper_bound":0.33340837515597},"point_estimate":0.32750856090395336,"standard_error":0.0027701554876535662},"median":{"confidence_interval":{"confidence_level":0.95,"lower_bound":0.3173589905192266,"upper_bound":0.32599053355195823},"point_estimate":0.322311754606005,"standard_error":0.0021802693416671168},"median_abs_dev":{"confidence_interval":{"confidence_level":0.95,"lower_bound":0.009555777145623067,"upper_bound":0.015399831166382565},"point_estimate":0.013092734536779557,"standard_error":0.001481428674873897},"slope":{"confidence_interval":{"confidence_level":0.95,"lower_bound":0.3219379689080936,"upper_bound":0.3254724915381471},"point_estimate":0.3237499148036011,"standard_error":0.0009044759979522163},"std_dev":{"confidence_interval":{"confidence_level":0.95,"lower_bound":0.015584533683403281,"upper_bound":0.03759247433030236},"point_estimate":0.02792936060456884,"standard_error":0.005589667528483819}}