{"mean":{"confidence_interval":{"confidence_level":0.95,"lower_bound":-0.001432208904741852,"upper_bound":0.0017336540262452898},"point_estimate":0.00018104855571410283,"standard_error":0.0008047600103439188},"median":{"confidence_interval":{"confidence_level":0.95,"lower_bound":0.00008167813306734775,"upper_bound":0.0005987116798562564},"point_estimate":0.0004448676318187239,"standard_error":0.00012519022805287626}}