{"mean":{"confidence_interval":{"confidence_level":0.95,"lower_bound":15.614109171043351,"upper_bound":15.642054099208458},"point_estimate":15.625284949053118,"standard_error":0.007334852719879529},"median":{"confidence_interval":{"confidence_level":0.95,"lower_bound":15.606415441166472,"upper_bound":15.611499081088411},"point_estimate":15.608734710506159,"standard_error":0.0012132221790926148},"median_abs_dev":{"confidence_interval":{"confidence_level":0.95,"lower_bound":0.006651405163939777,"upper_bound":0.013774211091638603},"point_estimate":0.01051820804914451,"standard_error":0.0018280475599255935},"slope":{"confidence_interval":{"confidence_level":0.95,"lower_bound":15.613040614401276,"upper_bound":15.630974724549937},"point_estimate":15.620961876540575,"standard_error":0.004613018502279612},"std_dev":{"confidence_interval":{"confidence_level":0.95,"lower_bound":0.022894895923304934,"upper_bound":0.11899822400157688},"point_estimate":0.0734556898041227,"standard_error":0.030386434853640037}}