{"mean":{"confidence_interval":{"confidence_level":0.95,"lower_bound":-0.004023858129840259,"upper_bound":0.003844075741031683},"point_estimate":0.0001572531147024936,"standard_error":0.001944366459670009},"median":{"confidence_interval":{"confidence_level":0.95,"lower_bound":-0.00036443049727963306,"upper_bound":0.0005399734337721007},"point_estimate":0.00027777699124142963,"standard_error":0.0002406420587053406}}