{"mean":{"confidence_interval":{"confidence_level":0.95,"lower_bound":-0.008354537788287698,"upper_bound":0.002946285082480564},"point_estimate":-0.0023940915276720043,"standard_error":0.002891181889561787},"median":{"confidence_interval":{"confidence_level":0.95,"lower_bound":0.0001224127669048336,"upper_bound":0.0011271365674237568},"point_estimate":0.0005173030982172921,"standard_error":0.0002474857441395116}}