{"mean":{"confidence_interval":{"confidence_level":0.95,"lower_bound":-0.001639948323262127,"upper_bound":0.0061545785904140865},"point_estimate":0.0017533652375636422,"standard_error":0.0019704447374879054},"median":{"confidence_interval":{"confidence_level":0.95,"lower_bound":0.00002474686851512438,"upper_bound":0.0009158031150000578},"point_estimate":0.0005262407212887066,"standard_error":0.0002283999973100436}}