{"mean":{"confidence_interval":{"confidence_level":0.95,"lower_bound":5.290493271887937,"upper_bound":5.304481648570679},"point_estimate":5.296395694598597,"standard_error":0.0036261780080466053},"median":{"confidence_interval":{"confidence_level":0.95,"lower_bound":5.2867380208652905,"upper_bound":5.290376615199465},"point_estimate":5.288479355033479,"standard_error":0.0009108607031066616},"median_abs_dev":{"confidence_interval":{"confidence_level":0.95,"lower_bound":0.002749655545427768,"upper_bound":0.006703287618819417},"point_estimate":0.004654787945491576,"standard_error":0.0010063482843220841},"slope":{"confidence_interval":{"confidence_level":0.95,"lower_bound":5.2894864087716,"upper_bound":5.29280850468485},"point_estimate":5.291022650580681,"standard_error":0.0008510900034669879},"std_dev":{"confidence_interval":{"confidence_level":0.95,"lower_bound":0.007626852405007834,"upper_bound":0.05668360835520634},"point_estimate":0.0364180313943796,"standard_error":0.012801755254937458}}