{"mean":{"confidence_interval":{"confidence_level":0.95,"lower_bound":0.3113020002334007,"upper_bound":0.3121678416480155},"point_estimate":0.3116267503089543,"standard_error":0.00023618274395254015},"median":{"confidence_interval":{"confidence_level":0.95,"lower_bound":0.31107556725123836,"upper_bound":0.3112835926499233},"point_estimate":0.31113225794487476,"standard_error":0.00005270608362588158},"median_abs_dev":{"confidence_interval":{"confidence_level":0.95,"lower_bound":0.0002714461677057781,"upper_bound":0.0005230020454447919},"point_estimate":0.0003645932590883828,"standard_error":0.00006344410921616454},"slope":{"confidence_interval":{"confidence_level":0.95,"lower_bound":0.3113640376343579,"upper_bound":0.3117576200544101},"point_estimate":0.31154041250479436,"standard_error":0.00010138883952789107},"std_dev":{"confidence_interval":{"confidence_level":0.95,"lower_bound":0.0005314024470280804,"upper_bound":0.00398384808703226},"point_estimate":0.0023823568154931435,"standard_error":0.0011688533804925974}}