{"mean":{"confidence_interval":{"confidence_level":0.95,"lower_bound":0.3112984651568942,"upper_bound":0.31252684606619974},"point_estimate":0.31180232718989287,"standard_error":0.00032131087077502506},"median":{"confidence_interval":{"confidence_level":0.95,"lower_bound":0.3110973489047376,"upper_bound":0.31124073927289314},"point_estimate":0.3111381897722334,"standard_error":0.00003565762214955669},"median_abs_dev":{"confidence_interval":{"confidence_level":0.95,"lower_bound":0.00019711806555570247,"upper_bound":0.000385351177918933},"point_estimate":0.0002635805956773846,"standard_error":0.00004544862391247847},"slope":{"confidence_interval":{"confidence_level":0.95,"lower_bound":0.3112898854341831,"upper_bound":0.31398615282113373},"point_estimate":0.3122505772933681,"standard_error":0.0007618280520531664},"std_dev":{"confidence_interval":{"confidence_level":0.95,"lower_bound":0.0005578921659371685,"upper_bound":0.005153662216170883},"point_estimate":0.00323169464277143,"standard_error":0.0012423920274269038}}