{"mean":{"confidence_interval":{"confidence_level":0.95,"lower_bound":-0.0007343770834642825,"upper_bound":0.0010509610832331205},"point_estimate":0.00009696547818172085,"standard_error":0.00045481641582365034},"median":{"confidence_interval":{"confidence_level":0.95,"lower_bound":-0.00018309312024644697,"upper_bound":0.00018686854469063263},"point_estimate":0.00002238200275583857,"standard_error":0.0000993117870556415}}