{"mean":{"confidence_interval":{"confidence_level":0.95,"lower_bound":7.777313493213845,"upper_bound":7.792013002945596},"point_estimate":7.782965937742587,"standard_error":0.003963167457121163},"median":{"confidence_interval":{"confidence_level":0.95,"lower_bound":7.7731399291995364,"upper_bound":7.776491547886579},"point_estimate":7.774399273306827,"standard_error":0.0008860549398589919},"median_abs_dev":{"confidence_interval":{"confidence_level":0.95,"lower_bound":0.003574624745211247,"upper_bound":0.007771220561623462},"point_estimate":0.005050244224538608,"standard_error":0.0010807578360275414},"slope":{"confidence_interval":{"confidence_level":0.95,"lower_bound":7.777462420725812,"upper_bound":7.783089173903883},"point_estimate":7.780148251419504,"standard_error":0.0014347181219480764},"std_dev":{"confidence_interval":{"confidence_level":0.95,"lower_bound":0.009589555160935265,"upper_bound":0.06640809722798577},"point_estimate":0.04000216022355467,"standard_error":0.0187861677237143}}