{"mean":{"confidence_interval":{"confidence_level":0.95,"lower_bound":0.3112258879503205,"upper_bound":0.3119853005997451},"point_estimate":0.311531465926152,"standard_error":0.00019872721435585565},"median":{"confidence_interval":{"confidence_level":0.95,"lower_bound":0.31096397866300274,"upper_bound":0.3111743108563827},"point_estimate":0.3110389911999587,"standard_error":0.00005775797921767226},"median_abs_dev":{"confidence_interval":{"confidence_level":0.95,"lower_bound":0.0001464666270518254,"upper_bound":0.00043710989763601834},"point_estimate":0.0002527403859772223,"standard_error":0.00007274574482846092},"slope":{"confidence_interval":{"confidence_level":0.95,"lower_bound":0.31124934517861236,"upper_bound":0.3120447402725668},"point_estimate":0.31158302369988994,"standard_error":0.000208617128863008},"std_dev":{"confidence_interval":{"confidence_level":0.95,"lower_bound":0.0005436085111644644,"upper_bound":0.003228427496171531},"point_estimate":0.001993072433410349,"standard_error":0.0007986524644245125}}