{"mean":{"confidence_interval":{"confidence_level":0.95,"lower_bound":-0.0026896036920184153,"upper_bound":0.004947425011330785},"point_estimate":0.0006247102640697388,"standard_error":0.0019596953918152742},"median":{"confidence_interval":{"confidence_level":0.95,"lower_bound":-0.0003122318117981804,"upper_bound":0.0006266292618415381},"point_estimate":0.000050495931149141526,"standard_error":0.0002404428291547763}}