{"mean":{"confidence_interval":{"confidence_level":0.95,"lower_bound":-0.0022390571272291092,"upper_bound":0.004048626882481879},"point_estimate":0.0007417952362347435,"standard_error":0.001603703184570339},"median":{"confidence_interval":{"confidence_level":0.95,"lower_bound":-0.00043969497272584553,"upper_bound":0.00038067685073928104},"point_estimate":-0.00005212151749156568,"standard_error":0.0002121403535893318}}