{"mean":{"confidence_interval":{"confidence_level":0.95,"lower_bound":0.31113349997880485,"upper_bound":0.31307704215431686},"point_estimate":0.31183970441960973,"standard_error":0.0005557678323506878},"median":{"confidence_interval":{"confidence_level":0.95,"lower_bound":0.3108835901132264,"upper_bound":0.3110744969318116},"point_estimate":0.3109429527347802,"standard_error":0.00004592823493398571},"median_abs_dev":{"confidence_interval":{"confidence_level":0.95,"lower_bound":0.00012668894582131194,"upper_bound":0.0003630219417271702},"point_estimate":0.00020594399297623085,"standard_error":0.0000582096143908461},"slope":{"confidence_interval":{"confidence_level":0.95,"lower_bound":0.3110427819975596,"upper_bound":0.31126983272930486},"point_estimate":0.3111435490407942,"standard_error":0.000058183676823382735},"std_dev":{"confidence_interval":{"confidence_level":0.95,"lower_bound":0.0005359490637537499,"upper_bound":0.009466414940506323},"point_estimate":0.005584165176442042,"standard_error":0.002983961233357676}}