{"mean":{"confidence_interval":{"confidence_level":0.95,"lower_bound":-0.004123667105383707,"upper_bound":0.004935211390181769},"point_estimate":0.0003211195487153873,"standard_error":0.002202604854956532},"median":{"confidence_interval":{"confidence_level":0.95,"lower_bound":-0.00044019816956453184,"upper_bound":0.0006144444219371274},"point_estimate":0.0001695601371614064,"standard_error":0.0002808651179181732}}