{"mean":{"confidence_interval":{"confidence_level":0.95,"lower_bound":-0.005262060089720079,"upper_bound":0.001066799596696799},"point_estimate":-0.0015721879218870694,"standard_error":0.0016413477498099648},"median":{"confidence_interval":{"confidence_level":0.95,"lower_bound":-0.0007909255009909133,"upper_bound":0.00017100406050718497},"point_estimate":-0.0003452377993198308,"standard_error":0.0002476454751239686}}