{"mean":{"confidence_interval":{"confidence_level":0.95,"lower_bound":5.400625321964831,"upper_bound":5.513681367263519},"point_estimate":5.451527523092236,"standard_error":0.02898191406084369},"median":{"confidence_interval":{"confidence_level":0.95,"lower_bound":5.3627742024557445,"upper_bound":5.367179358438152},"point_estimate":5.3649054814268835,"standard_error":0.0012462954114589265},"median_abs_dev":{"confidence_interval":{"confidence_level":0.95,"lower_bound":0.004310233196263952,"upper_bound":0.008915023982720505},"point_estimate":0.006219792585524253,"standard_error":0.0012668987946424836},"slope":{"confidence_interval":{"confidence_level":0.95,"lower_bound":5.379581886221884,"upper_bound":5.461916088602547},"point_estimate":5.414843373768247,"standard_error":0.021298158279872276},"std_dev":{"confidence_interval":{"confidence_level":0.95,"lower_bound":0.15568031418318032,"upper_bound":0.4061491601820502},"point_estimate":0.2908556867107238,"standard_error":0.06463544670401972}}