{"mean":{"confidence_interval":{"confidence_level":0.95,"lower_bound":0.3114008729988758,"upper_bound":0.31321280216528463},"point_estimate":0.31203959483884036,"standard_error":0.0005436486170308111},"median":{"confidence_interval":{"confidence_level":0.95,"lower_bound":0.3112175472659012,"upper_bound":0.3114828022070384},"point_estimate":0.3113474948645209,"standard_error":0.00007550128439210766},"median_abs_dev":{"confidence_interval":{"confidence_level":0.95,"lower_bound":0.0004136762290068465,"upper_bound":0.0006810930819946771},"point_estimate":0.000547163273285338,"standard_error":0.0000711413101981481},"slope":{"confidence_interval":{"confidence_level":0.95,"lower_bound":0.3113901774753894,"upper_bound":0.3116600628424055},"point_estimate":0.31152102210432286,"standard_error":0.00006898555516982341},"std_dev":{"confidence_interval":{"confidence_level":0.95,"lower_bound":0.0005378682062979272,"upper_bound":0.00927847818090912},"point_estimate":0.005435542060176537,"standard_error":0.0030991266764927457}}