{"mean":{"confidence_interval":{"confidence_level":0.95,"lower_bound":-0.003840578170881434,"upper_bound":0.0011274919482088359},"point_estimate":-0.001055382281793693,"standard_error":0.0012738433879169145},"median":{"confidence_interval":{"confidence_level":0.95,"lower_bound":-0.00036602193058421495,"upper_bound":0.00016672848372945026},"point_estimate":-0.00007933048630404116,"standard_error":0.0001344334447862885}}