{"mean":{"confidence_interval":{"confidence_level":0.95,"lower_bound":13.077734624404735,"upper_bound":13.146451317144706},"point_estimate":13.102874907145372,"standard_error":0.0195180635124582},"median":{"confidence_interval":{"confidence_level":0.95,"lower_bound":13.067511443177471,"upper_bound":13.075178759497097},"point_estimate":13.068945003905952,"standard_error":0.0018107730569053258},"median_abs_dev":{"confidence_interval":{"confidence_level":0.95,"lower_bound":0.009426248469037574,"upper_bound":0.019423079346537624},"point_estimate":0.012323709575671266,"standard_error":0.0024515958604742613},"slope":{"confidence_interval":{"confidence_level":0.95,"lower_bound":13.076861783045832,"upper_bound":13.088273727369263},"point_estimate":13.082186185514393,"standard_error":0.0029177528754228527},"std_dev":{"confidence_interval":{"confidence_level":0.95,"lower_bound":0.022249116282986033,"upper_bound":0.3345666808111572},"point_estimate":0.19745869422573095,"standard_error":0.10451719765155484}}