{"mean":{"confidence_interval":{"confidence_level":0.95,"lower_bound":0.3112922131873272,"upper_bound":0.3135685370146135},"point_estimate":0.31210616189820145,"standard_error":0.0006700217659554258},"median":{"confidence_interval":{"confidence_level":0.95,"lower_bound":0.31103950484153403,"upper_bound":0.3112937725828628},"point_estimate":0.3111359138924031,"standard_error":0.00007461101967112604},"median_abs_dev":{"confidence_interval":{"confidence_level":0.95,"lower_bound":0.0002553266085541137,"upper_bound":0.00047869724742878925},"point_estimate":0.0003674392813142331,"standard_error":0.00005815264398587905},"slope":{"confidence_interval":{"confidence_level":0.95,"lower_bound":0.31126572672417924,"upper_bound":0.3115260121786005},"point_estimate":0.31138775090093834,"standard_error":0.00006658252788430232},"std_dev":{"confidence_interval":{"confidence_level":0.95,"lower_bound":0.0005870311369529387,"upper_bound":0.01145715150123753},"point_estimate":0.006730542471364643,"standard_error":0.0037468975770534314}}