{"mean":{"confidence_interval":{"confidence_level":0.95,"lower_bound":-0.0064816048477592415,"upper_bound":0.0016759488888774474},"point_estimate":-0.0019359190069003773,"standard_error":0.0020969133029937388},"median":{"confidence_interval":{"confidence_level":0.95,"lower_bound":0.000049455055519798184,"upper_bound":0.0008217213011749713},"point_estimate":0.0005051932398760783,"standard_error":0.00019863549256251555}}