{"mean":{"confidence_interval":{"confidence_level":0.95,"lower_bound":0.3246357111566456,"upper_bound":0.3297342278012413},"point_estimate":0.3271018377073154,"standard_error":0.0012984562244988686},"median":{"confidence_interval":{"confidence_level":0.95,"lower_bound":0.32256883976320705,"upper_bound":0.33004773821592187},"point_estimate":0.3265914148635077,"standard_error":0.001819004326736371},"median_abs_dev":{"confidence_interval":{"confidence_level":0.95,"lower_bound":0.009975709331264534,"upper_bound":0.015760711916386214},"point_estimate":0.011926324174982485,"standard_error":0.0014430333180240926},"slope":{"confidence_interval":{"confidence_level":0.95,"lower_bound":0.3221233634555654,"upper_bound":0.32829045999446166},"point_estimate":0.32507977427866014,"standard_error":0.0015796673088810085},"std_dev":{"confidence_interval":{"confidence_level":0.95,"lower_bound":0.010416476859772466,"upper_bound":0.01568765593598963},"point_estimate":0.013026944585259005,"standard_error":0.001360427691330393}}