{"mean":{"confidence_interval":{"confidence_level":0.95,"lower_bound":-0.0023667093766746076,"upper_bound":0.004539558805150451},"point_estimate":0.0004979518361867274,"standard_error":0.0017790855026429363},"median":{"confidence_interval":{"confidence_level":0.95,"lower_bound":-0.00005317632631207658,"upper_bound":0.0007388052455301608},"point_estimate":0.00027486709909152474,"standard_error":0.0002048684870559835}}