{"mean":{"confidence_interval":{"confidence_level":0.95,"lower_bound":-0.002491481096639625,"upper_bound":0.0033080384024448094},"point_estimate":0.00031371091993115385,"standard_error":0.0014428847095173108},"median":{"confidence_interval":{"confidence_level":0.95,"lower_bound":-0.00011007660121996586,"upper_bound":0.0005269982983238108},"point_estimate":0.00028576809873359643,"standard_error":0.00016265980548082253}}