{"mean":{"confidence_interval":{"confidence_level":0.95,"lower_bound":-0.0026538264139879834,"upper_bound":0.005425206743002499},"point_estimate":0.00034181350125872534,"standard_error":0.002109162328368632},"median":{"confidence_interval":{"confidence_level":0.95,"lower_bound":-0.0006770957036462688,"upper_bound":0.0003992255521989563},"point_estimate":-0.00009968662287140884,"standard_error":0.0002792515308972041}}