{"mean":{"confidence_interval":{"confidence_level":0.95,"lower_bound":7.785363858665821,"upper_bound":7.823179722539845},"point_estimate":7.799620413983051,"standard_error":0.010205048571989467},"median":{"confidence_interval":{"confidence_level":0.95,"lower_bound":7.776718824746901,"upper_bound":7.780838940445312},"point_estimate":7.778530761051028,"standard_error":0.0010489769759620834},"median_abs_dev":{"confidence_interval":{"confidence_level":0.95,"lower_bound":0.005390231445037149,"upper_bound":0.010834625833884035},"point_estimate":0.007752207193805083,"standard_error":0.0013947637135851567},"slope":{"confidence_interval":{"confidence_level":0.95,"lower_bound":7.784501267561905,"upper_bound":7.7980214398642715},"point_estimate":7.7907053568389,"standard_error":0.0034604200616425045},"std_dev":{"confidence_interval":{"confidence_level":0.95,"lower_bound":0.02188766113816653,"upper_bound":0.17042605510284825},"point_estimate":0.10224551519178238,"standard_error":0.04887628925686367}}