{"mean":{"confidence_interval":{"confidence_level":0.95,"lower_bound":-0.001282085884627736,"upper_bound":0.003026134241746975},"point_estimate":0.000561731485553274,"standard_error":0.0010822459514779185},"median":{"confidence_interval":{"confidence_level":0.95,"lower_bound":-0.00013999594326774556,"upper_bound":0.0005550390421016682},"point_estimate":0.00013216069592170143,"standard_error":0.0001799640299569402}}