{"mean":{"confidence_interval":{"confidence_level":0.95,"lower_bound":-0.00280494375872658,"upper_bound":0.0011738153246088898},"point_estimate":-0.0007577644598341093,"standard_error":0.0010105857579372603},"median":{"confidence_interval":{"confidence_level":0.95,"lower_bound":-0.0002869318852782854,"upper_bound":0.0004617536072852868},"point_estimate":0.00006231664895950395,"standard_error":0.00019939138204301004}}