{"mean":{"confidence_interval":{"confidence_level":0.95,"lower_bound":-0.0007201318336439444,"upper_bound":0.00890652264407327},"point_estimate":0.00343930100235057,"standard_error":0.0024761016481300827},"median":{"confidence_interval":{"confidence_level":0.95,"lower_bound":0.00021908462761155434,"upper_bound":0.0012965024491751187},"point_estimate":0.0006794441015276487,"standard_error":0.0002696195167886698}}