{"mean":{"confidence_interval":{"confidence_level":0.95,"lower_bound":4.99228796090965,"upper_bound":5.009003762823761},"point_estimate":4.998938632705066,"standard_error":0.004397712345094144},"median":{"confidence_interval":{"confidence_level":0.95,"lower_bound":4.988181354554706,"upper_bound":4.99306590371307},"point_estimate":4.990214315827478,"standard_error":0.0014660738027667476},"median_abs_dev":{"confidence_interval":{"confidence_level":0.95,"lower_bound":0.009963793991444009,"upper_bound":0.018096712046487065},"point_estimate":0.013056733740025335,"standard_error":0.0021190700337299613},"slope":{"confidence_interval":{"confidence_level":0.95,"lower_bound":4.992611051597173,"upper_bound":5.00039490436114},"point_estimate":4.996345978233993,"standard_error":0.001996310999755584},"std_dev":{"confidence_interval":{"confidence_level":0.95,"lower_bound":0.015193098449834795,"upper_bound":0.07244390125389043},"point_estimate":0.04448253685716691,"standard_error":0.01909225378563235}}