{"mean":{"confidence_interval":{"confidence_level":0.95,"lower_bound":5.289278366157696,"upper_bound":5.294573853870683},"point_estimate":5.291439923336243,"standard_error":0.0013851303325046567},"median":{"confidence_interval":{"confidence_level":0.95,"lower_bound":5.288006070710957,"upper_bound":5.2895714327995975},"point_estimate":5.288907582801312,"standard_error":0.00036568436562205457},"median_abs_dev":{"confidence_interval":{"confidence_level":0.95,"lower_bound":0.003132846831575129,"upper_bound":0.00569438886077671},"point_estimate":0.004797267916324215,"standard_error":0.0006635133042910909},"slope":{"confidence_interval":{"confidence_level":0.95,"lower_bound":5.289648917152201,"upper_bound":5.29319755209543},"point_estimate":5.291304720282691,"standard_error":0.0009080417117722484},"std_dev":{"confidence_interval":{"confidence_level":0.95,"lower_bound":0.005069664873584504,"upper_bound":0.02226929640872891},"point_estimate":0.013878998537465922,"standard_error":0.005502587950179002}}