{"mean":{"confidence_interval":{"confidence_level":0.95,"lower_bound":0.3116317337066561,"upper_bound":0.31344978173527177},"point_estimate":0.3123967671354791,"standard_error":0.0004756362410901663},"median":{"confidence_interval":{"confidence_level":0.95,"lower_bound":0.31122977652888717,"upper_bound":0.3115977005341742},"point_estimate":0.3113635114285664,"standard_error":0.00009930074276318485},"median_abs_dev":{"confidence_interval":{"confidence_level":0.95,"lower_bound":0.0004799122307117056,"upper_bound":0.0009069178349471951},"point_estimate":0.0006757814074774199,"standard_error":0.00011667455603219596},"slope":{"confidence_interval":{"confidence_level":0.95,"lower_bound":0.31142776273751044,"upper_bound":0.31180090315079967},"point_estimate":0.31160266349296306,"standard_error":0.00009568069977490979},"std_dev":{"confidence_interval":{"confidence_level":0.95,"lower_bound":0.0008912155761804737,"upper_bound":0.007284625738678047},"point_estimate":0.004763166576690611,"standard_error":0.0016976461044092652}}