{"mean":{"confidence_interval":{"confidence_level":0.95,"lower_bound":-0.00893132149211543,"upper_bound":0.000732166462357156},"point_estimate":-0.0034810130509529413,"standard_error":0.0024990455309741757},"median":{"confidence_interval":{"confidence_level":0.95,"lower_bound":-0.0005372502169630478,"upper_bound":0.0006187598180542597},"point_estimate":-0.00008562101015929802,"standard_error":0.0002825430092947252}}