{"mean":{"confidence_interval":{"confidence_level":0.95,"lower_bound":0.31953116399932907,"upper_bound":0.32414667799032065},"point_estimate":0.3217749985258624,"standard_error":0.0011777569824828087},"median":{"confidence_interval":{"confidence_level":0.95,"lower_bound":0.3133053074011127,"upper_bound":0.32349061995944306},"point_estimate":0.3197725969626781,"standard_error":0.0025382227126622935},"median_abs_dev":{"confidence_interval":{"confidence_level":0.95,"lower_bound":0.0036186370545124103,"upper_bound":0.017166284584065442},"point_estimate":0.012908910435517174,"standard_error":0.0033682139980977374},"slope":{"confidence_interval":{"confidence_level":0.95,"lower_bound":0.32366330544455735,"upper_bound":0.3280058318855095},"point_estimate":0.32587930792303665,"standard_error":0.0011083855577684028},"std_dev":{"confidence_interval":{"confidence_level":0.95,"lower_bound":0.009807557768807491,"upper_bound":0.013733179655676905},"point_estimate":0.011832130702729864,"standard_error":0.001005476090796937}}