{"mean":{"confidence_interval":{"confidence_level":0.95,"lower_bound":0.311380664071725,"upper_bound":0.31249316310141645},"point_estimate":0.31180949895669147,"standard_error":0.00029746089728465433},"median":{"confidence_interval":{"confidence_level":0.95,"lower_bound":0.3111934069088004,"upper_bound":0.3114127008691233},"point_estimate":0.3112788603173688,"standard_error":0.000057275214162540834},"median_abs_dev":{"confidence_interval":{"confidence_level":0.95,"lower_bound":0.0003662626084145555,"upper_bound":0.000606003288983741},"point_estimate":0.0004749525030979964,"standard_error":0.00006140359203876862},"slope":{"confidence_interval":{"confidence_level":0.95,"lower_bound":0.31134522776568624,"upper_bound":0.3118432095598071},"point_estimate":0.3115432678982696,"standard_error":0.00013174250932134268},"std_dev":{"confidence_interval":{"confidence_level":0.95,"lower_bound":0.0005807039236532454,"upper_bound":0.004957365932386139},"point_estimate":0.0029954052007492536,"standard_error":0.0013656954366440684}}