{"mean":{"confidence_interval":{"confidence_level":0.95,"lower_bound":-0.004232645758064057,"upper_bound":0.0023509329028594448},"point_estimate":-0.0002765419368160327,"standard_error":0.0017710720428994395},"median":{"confidence_interval":{"confidence_level":0.95,"lower_bound":0.0003088665874300123,"upper_bound":0.0011796626023359291},"point_estimate":0.0008238842278738279,"standard_error":0.00022627225323413423}}