{"mean":{"confidence_interval":{"confidence_level":0.95,"lower_bound":15.972297072771273,"upper_bound":16.003892967272115},"point_estimate":15.98459883556682,"standard_error":0.008487364478760962},"median":{"confidence_interval":{"confidence_level":0.95,"lower_bound":15.965695930786241,"upper_bound":15.97484703681231},"point_estimate":15.970239312238489,"standard_error":0.002471762292772527},"median_abs_dev":{"confidence_interval":{"confidence_level":0.95,"lower_bound":0.015115839317591194,"upper_bound":0.025547003168302353},"point_estimate":0.02006334976502127,"standard_error":0.0025945666357547296},"slope":{"confidence_interval":{"confidence_level":0.95,"lower_bound":15.97055925322884,"upper_bound":15.979885450603446},"point_estimate":15.974948868018243,"standard_error":0.0023782676276858047},"std_dev":{"confidence_interval":{"confidence_level":0.95,"lower_bound":0.02299500157534589,"upper_bound":0.14128477647470108},"point_estimate":0.08551546753377615,"standard_error":0.039296532760379754}}