{"mean":{"confidence_interval":{"confidence_level":0.95,"lower_bound":-0.0026736735096645615,"upper_bound":0.0015243955556379692},"point_estimate":-0.0004044130604917706,"standard_error":0.0010573186714107003},"median":{"confidence_interval":{"confidence_level":0.95,"lower_bound":-0.0006338289378709836,"upper_bound":-0.00004704870202708102},"point_estimate":-0.00031104359962708106,"standard_error":0.00014654884138051494}}