{"mean":{"confidence_interval":{"confidence_level":0.95,"lower_bound":0.3113313023529133,"upper_bound":0.31214588479824396},"point_estimate":0.3116644759257248,"standard_error":0.00021325858274107455},"median":{"confidence_interval":{"confidence_level":0.95,"lower_bound":0.3110859827209816,"upper_bound":0.31125822368560285},"point_estimate":0.31113983240109705,"standard_error":0.00004320756282476451},"median_abs_dev":{"confidence_interval":{"confidence_level":0.95,"lower_bound":0.0002560668413648587,"upper_bound":0.00046693499384678277},"point_estimate":0.0003255806546061238,"standard_error":0.00005424809541059447},"slope":{"confidence_interval":{"confidence_level":0.95,"lower_bound":0.3112676035808778,"upper_bound":0.31156679245382624},"point_estimate":0.311407897064921,"standard_error":0.0000765680559399628},"std_dev":{"confidence_interval":{"confidence_level":0.95,"lower_bound":0.0007290034082120531,"upper_bound":0.003443206296375996},"point_estimate":0.002145903292527059,"standard_error":0.0008501193460342402}}