{"mean":{"confidence_interval":{"confidence_level":0.95,"lower_bound":21.61738510829398,"upper_bound":21.829543306661456},"point_estimate":21.724711788286083,"standard_error":0.054223153649758285},"median":{"confidence_interval":{"confidence_level":0.95,"lower_bound":21.61997111012732,"upper_bound":22.148497637048088},"point_estimate":21.84399044640533,"standard_error":0.13691907814549528},"median_abs_dev":{"confidence_interval":{"confidence_level":0.95,"lower_bound":0.14442753793768315,"upper_bound":0.8023187712787054},"point_estimate":0.5457035504290342,"standard_error":0.1750027075250865},"slope":{"confidence_interval":{"confidence_level":0.95,"lower_bound":21.49699192487409,"upper_bound":21.754559390409877},"point_estimate":21.623217021294018,"standard_error":0.06565590301430439},"std_dev":{"confidence_interval":{"confidence_level":0.95,"lower_bound":0.4805215431123464,"upper_bound":0.6036467204237059},"point_estimate":0.5441241689636125,"standard_error":0.03141226087599418}}