{"mean":{"confidence_interval":{"confidence_level":0.95,"lower_bound":-0.001442389049094641,"upper_bound":0.004610655461874358},"point_estimate":0.0010768821693549757,"standard_error":0.001564326514714786},"median":{"confidence_interval":{"confidence_level":0.95,"lower_bound":-0.0003866856558402132,"upper_bound":0.0007465247837734612},"point_estimate":0.0002507704819221246,"standard_error":0.0002926830048760762}}