{"mean":{"confidence_interval":{"confidence_level":0.95,"lower_bound":6.25686713636087,"upper_bound":6.268009017339586},"point_estimate":6.261549474237956,"standard_error":0.002894828596496797},"median":{"confidence_interval":{"confidence_level":0.95,"lower_bound":6.253888806503527,"upper_bound":6.255880008134483},"point_estimate":6.254906413052415,"standard_error":0.0005446940080639594},"median_abs_dev":{"confidence_interval":{"confidence_level":0.95,"lower_bound":0.0026840739982082374,"upper_bound":0.0050116484231995115},"point_estimate":0.0037601670203305827,"standard_error":0.0005780073576379886},"slope":{"confidence_interval":{"confidence_level":0.95,"lower_bound":6.255779818489737,"upper_bound":6.263316123229624},"point_estimate":6.258910614946714,"standard_error":0.0019715540792589067},"std_dev":{"confidence_interval":{"confidence_level":0.95,"lower_bound":0.008464248802714269,"upper_bound":0.045948483752979184},"point_estimate":0.029063797757710164,"standard_error":0.010355461059178048}}