{"mean":{"confidence_interval":{"confidence_level":0.95,"lower_bound":0.3122309369271872,"upper_bound":0.31444584310888807},"point_estimate":0.3131312450189128,"standard_error":0.0005767990384804804},"median":{"confidence_interval":{"confidence_level":0.95,"lower_bound":0.3112656406932478,"upper_bound":0.31211058546915077},"point_estimate":0.3117652307269808,"standard_error":0.0002105594396325427},"median_abs_dev":{"confidence_interval":{"confidence_level":0.95,"lower_bound":0.0006449976069707868,"upper_bound":0.001618348666865988},"point_estimate":0.0011977540367047916,"standard_error":0.0002548891041736427},"slope":{"confidence_interval":{"confidence_level":0.95,"lower_bound":0.3120710805068823,"upper_bound":0.31299994413632315},"point_estimate":0.31251317805618756,"standard_error":0.00023721665315057217},"std_dev":{"confidence_interval":{"confidence_level":0.95,"lower_bound":0.0018937389665897343,"upper_bound":0.009304498877496266},"point_estimate":0.005795866310886072,"standard_error":0.002257112169881548}}