{"mean":{"confidence_interval":{"confidence_level":0.95,"lower_bound":0.32265602520844644,"upper_bound":0.3292214928158623},"point_estimate":0.3257270741561929,"standard_error":0.0016773375336883328},"median":{"confidence_interval":{"confidence_level":0.95,"lower_bound":0.3191764133751175,"upper_bound":0.3285007668480512},"point_estimate":0.3252358743143289,"standard_error":0.002347079409991683},"median_abs_dev":{"confidence_interval":{"confidence_level":0.95,"lower_bound":0.009868997265323854,"upper_bound":0.01733072433086241},"point_estimate":0.01348629743106787,"standard_error":0.0020010171806137526},"slope":{"confidence_interval":{"confidence_level":0.95,"lower_bound":0.3231419718257714,"upper_bound":0.32764348812129723},"point_estimate":0.3254662625327395,"standard_error":0.0011481880287684204},"std_dev":{"confidence_interval":{"confidence_level":0.95,"lower_bound":0.010675583087825393,"upper_bound":0.02223399232369438},"point_estimate":0.016872838247951584,"standard_error":0.0029425242020827426}}