{"mean":{"confidence_interval":{"confidence_level":0.95,"lower_bound":-0.003123979974212248,"upper_bound":0.0033339040386774917},"point_estimate":0.00030220002560277237,"standard_error":0.0016298494784674363},"median":{"confidence_interval":{"confidence_level":0.95,"lower_bound":0.0005369951118476823,"upper_bound":0.0015211583725975864},"point_estimate":0.0011136063006629282,"standard_error":0.0002466168791603929}}