{"mean":{"confidence_interval":{"confidence_level":0.95,"lower_bound":0.3114571139566694,"upper_bound":0.31411516971881354},"point_estimate":0.31259830912909914,"standard_error":0.0006844245995745053},"median":{"confidence_interval":{"confidence_level":0.95,"lower_bound":0.31094469462052915,"upper_bound":0.31112092749066617},"point_estimate":0.31099762931155484,"standard_error":0.000045029100023955954},"median_abs_dev":{"confidence_interval":{"confidence_level":0.95,"lower_bound":0.00016216557976632642,"upper_bound":0.0003805810736846778},"point_estimate":0.00023484033006082174,"standard_error":0.00005791474504339682},"slope":{"confidence_interval":{"confidence_level":0.95,"lower_bound":0.31114652136704657,"upper_bound":0.31745750272428636},"point_estimate":0.31394401913996484,"standard_error":0.0016136862241861263},"std_dev":{"confidence_interval":{"confidence_level":0.95,"lower_bound":0.0021635516809284296,"upper_bound":0.01049384994370245},"point_estimate":0.006907968468434239,"standard_error":0.0021438977508370797}}