{"mean":{"confidence_interval":{"confidence_level":0.95,"lower_bound":-0.001786786145603572,"upper_bound":0.006481759547420658},"point_estimate":0.001574588005904376,"standard_error":0.0021003287458018828},"median":{"confidence_interval":{"confidence_level":0.95,"lower_bound":-0.000035450082751520284,"upper_bound":0.0008261691637433508},"point_estimate":0.000510092473505086,"standard_error":0.0002179784046360122}}