{"mean":{"confidence_interval":{"confidence_level":0.95,"lower_bound":-0.00023163334813891795,"upper_bound":0.006849411848192283},"point_estimate":0.00325793568360333,"standard_error":0.0018231352167177107},"median":{"confidence_interval":{"confidence_level":0.95,"lower_bound":0.0007174851588012121,"upper_bound":0.0015137163963954148},"point_estimate":0.001217198479778192,"standard_error":0.00020198603870028533}}