{"mean":{"confidence_interval":{"confidence_level":0.95,"lower_bound":-0.00257552606316368,"upper_bound":0.0046156741257468185},"point_estimate":0.000790704314745927,"standard_error":0.0018092205658155733},"median":{"confidence_interval":{"confidence_level":0.95,"lower_bound":0.0001111910112390202,"upper_bound":0.0007926767075456809},"point_estimate":0.0005376119159694603,"standard_error":0.0001852001512968173}}