{"mean":{"confidence_interval":{"confidence_level":0.95,"lower_bound":0.3114958601956006,"upper_bound":0.31349344840352195},"point_estimate":0.31227013690006683,"standard_error":0.000534352096836494},"median":{"confidence_interval":{"confidence_level":0.95,"lower_bound":0.31102631850929385,"upper_bound":0.31128014279789007},"point_estimate":0.31115562603923397,"standard_error":0.00006247993128280273},"median_abs_dev":{"confidence_interval":{"confidence_level":0.95,"lower_bound":0.00025536589838283933,"upper_bound":0.0005302783766210372},"point_estimate":0.000381107933905132,"standard_error":0.00006895449502352069},"slope":{"confidence_interval":{"confidence_level":0.95,"lower_bound":0.31152499911974463,"upper_bound":0.313332847132908},"point_estimate":0.3123561289827129,"standard_error":0.0004647804962832379},"std_dev":{"confidence_interval":{"confidence_level":0.95,"lower_bound":0.0012335791078946117,"upper_bound":0.00886515145168656},"point_estimate":0.005370489879514815,"standard_error":0.002426948002150129}}