{"mean":{"confidence_interval":{"confidence_level":0.95,"lower_bound":0.3112081006285795,"upper_bound":0.31224086239556514},"point_estimate":0.3116500620696192,"standard_error":0.0002675508447670552},"median":{"confidence_interval":{"confidence_level":0.95,"lower_bound":0.3109966350091211,"upper_bound":0.3111115935997118},"point_estimate":0.31106182287475737,"standard_error":0.00003391444017086299},"median_abs_dev":{"confidence_interval":{"confidence_level":0.95,"lower_bound":0.00016471496159504325,"upper_bound":0.00030999148882735795},"point_estimate":0.0002362887407473737,"standard_error":0.00004096362241516981},"slope":{"confidence_interval":{"confidence_level":0.95,"lower_bound":0.31116983799806003,"upper_bound":0.31158822367364647},"point_estimate":0.3113477317282647,"standard_error":0.00010788007779400604},"std_dev":{"confidence_interval":{"confidence_level":0.95,"lower_bound":0.0005972901833148085,"upper_bound":0.004130871819755569},"point_estimate":0.0026939618755896597,"standard_error":0.0009019896516763689}}