{"mean":{"confidence_interval":{"confidence_level":0.95,"lower_bound":-0.001279544294408119,"upper_bound":0.00568768732544707},"point_estimate":0.001864092833524511,"standard_error":0.0018287486966003562},"median":{"confidence_interval":{"confidence_level":0.95,"lower_bound":-0.0005064061860334812,"upper_bound":0.0004293920170921339},"point_estimate":-0.00009862249132208678,"standard_error":0.000244155351817492}}