{"mean":{"confidence_interval":{"confidence_level":0.95,"lower_bound":0.31131704007915467,"upper_bound":0.3120562815007434},"point_estimate":0.3116064096478322,"standard_error":0.00019582045578920903},"median":{"confidence_interval":{"confidence_level":0.95,"lower_bound":0.3111114592826017,"upper_bound":0.311400018856931},"point_estimate":0.31119810896395367,"standard_error":0.00008242961702450901},"median_abs_dev":{"confidence_interval":{"confidence_level":0.95,"lower_bound":0.0003391667486434132,"upper_bound":0.0006210283755386987},"point_estimate":0.00043940403849033013,"standard_error":0.00007573672164571856},"slope":{"confidence_interval":{"confidence_level":0.95,"lower_bound":0.3113135229551607,"upper_bound":0.3115553638444569},"point_estimate":0.3114293819506711,"standard_error":0.00006170198238319446},"std_dev":{"confidence_interval":{"confidence_level":0.95,"lower_bound":0.0005250544859677336,"upper_bound":0.0032302522251690556},"point_estimate":0.0019647152694271036,"standard_error":0.0008670850547526197}}