{"mean":{"confidence_interval":{"confidence_level":0.95,"lower_bound":-0.0030329797097229743,"upper_bound":0.001223471711996543},"point_estimate":-0.0006602283939888265,"standard_error":0.001082344383140483},"median":{"confidence_interval":{"confidence_level":0.95,"lower_bound":-0.0010835581716931442,"upper_bound":-0.000026832760105510722},"point_estimate":-0.0004231929035207749,"standard_error":0.00027060279027656695}}