{"mean":{"confidence_interval":{"confidence_level":0.95,"lower_bound":5.62548404286952,"upper_bound":5.641558234589339},"point_estimate":5.632593863725261,"standard_error":0.004135151028335382},"median":{"confidence_interval":{"confidence_level":0.95,"lower_bound":5.61972494262667,"upper_bound":5.624282602826131},"point_estimate":5.622409712360756,"standard_error":0.0011716495312438585},"median_abs_dev":{"confidence_interval":{"confidence_level":0.95,"lower_bound":0.00714725248011747,"upper_bound":0.01356208657205734},"point_estimate":0.009720138746959142,"standard_error":0.0016300191094723623},"slope":{"confidence_interval":{"confidence_level":0.95,"lower_bound":5.623340468234541,"upper_bound":5.634853662273733},"point_estimate":5.628347004506348,"standard_error":0.0029512033367802876},"std_dev":{"confidence_interval":{"confidence_level":0.95,"lower_bound":0.01746090714042175,"upper_bound":0.05930870745353496},"point_estimate":0.04145256205148907,"standard_error":0.010499133021636554}}