{"mean":{"confidence_interval":{"confidence_level":0.95,"lower_bound":13.298875640014026,"upper_bound":13.32480524224034},"point_estimate":13.309629891329205,"standard_error":0.006761206303130137},"median":{"confidence_interval":{"confidence_level":0.95,"lower_bound":13.292655277049025,"upper_bound":13.296531136187236},"point_estimate":13.294227155837177,"standard_error":0.0012178052490401678},"median_abs_dev":{"confidence_interval":{"confidence_level":0.95,"lower_bound":0.005010302558508947,"upper_bound":0.011938318885290847},"point_estimate":0.007946058606565809,"standard_error":0.0018350401967525717},"slope":{"confidence_interval":{"confidence_level":0.95,"lower_bound":13.297916785699321,"upper_bound":13.305530385419683},"point_estimate":13.301430220360892,"standard_error":0.001944339806567941},"std_dev":{"confidence_interval":{"confidence_level":0.95,"lower_bound":0.012865181875495464,"upper_bound":0.10644357932456527},"point_estimate":0.06799833449226061,"standard_error":0.02517128136711072}}