{"mean":{"confidence_interval":{"confidence_level":0.95,"lower_bound":0.31117310416666416,"upper_bound":0.31197624491095804},"point_estimate":0.311494664944358,"standard_error":0.00021033858551132456},"median":{"confidence_interval":{"confidence_level":0.95,"lower_bound":0.3109517039110362,"upper_bound":0.31108645575444094},"point_estimate":0.31098623993379526,"standard_error":0.00003587741430510965},"median_abs_dev":{"confidence_interval":{"confidence_level":0.95,"lower_bound":0.00017838628026409253,"upper_bound":0.00038333779181868926},"point_estimate":0.00024238291215697427,"standard_error":0.00005507160005891157},"slope":{"confidence_interval":{"confidence_level":0.95,"lower_bound":0.3111923088748755,"upper_bound":0.31157366614676996},"point_estimate":0.3113673809979099,"standard_error":0.00009752367523005107},"std_dev":{"confidence_interval":{"confidence_level":0.95,"lower_bound":0.0005030159692275195,"upper_bound":0.003434215329068366},"point_estimate":0.002115492489865225,"standard_error":0.0008634424352997197}}