{"mean":{"confidence_interval":{"confidence_level":0.95,"lower_bound":-0.0016117858113737608,"upper_bound":0.005810926720226627},"point_estimate":0.001921674798608164,"standard_error":0.0019064469117076547},"median":{"confidence_interval":{"confidence_level":0.95,"lower_bound":-0.0002608848995095308,"upper_bound":0.0005467591476358002},"point_estimate":0.00014150724862949104,"standard_error":0.00020202268884916163}}