{"mean":{"confidence_interval":{"confidence_level":0.95,"lower_bound":0.3112861644216095,"upper_bound":0.3146553645698021},"point_estimate":0.31250823746068584,"standard_error":0.0009569191027110938},"median":{"confidence_interval":{"confidence_level":0.95,"lower_bound":0.3109685440615195,"upper_bound":0.3111749926511973},"point_estimate":0.31105976668704044,"standard_error":0.000055289376346775574},"median_abs_dev":{"confidence_interval":{"confidence_level":0.95,"lower_bound":0.0001718250644812057,"upper_bound":0.0004314250962761398},"point_estimate":0.00028652088244289595,"standard_error":0.00006683499425246977},"slope":{"confidence_interval":{"confidence_level":0.95,"lower_bound":0.31124616899399626,"upper_bound":0.3199153569180694},"point_estimate":0.31403329431248056,"standard_error":0.0025685700194997317},"std_dev":{"confidence_interval":{"confidence_level":0.95,"lower_bound":0.0007316466886080851,"upper_bound":0.016372131465857875},"point_estimate":0.009658178130300626,"standard_error":0.005149328472701448}}