{"mean":{"confidence_interval":{"confidence_level":0.95,"lower_bound":0.00037133442469071187,"upper_bound":0.007450263254913863},"point_estimate":0.003284482773876274,"standard_error":0.0017541122714468435},"median":{"confidence_interval":{"confidence_level":0.95,"lower_bound":-0.00010105612762674373,"upper_bound":0.0008468393350100634},"point_estimate":0.00033188603491929314,"standard_error":0.00023797267707944528}}