{"mean":{"confidence_interval":{"confidence_level":0.95,"lower_bound":-0.004678969204908448,"upper_bound":0.0018795787916772214},"point_estimate":-0.0009546211369466651,"standard_error":0.0016827802170516623},"median":{"confidence_interval":{"confidence_level":0.95,"lower_bound":-0.0001831923435672289,"upper_bound":0.0011566054268035142},"point_estimate":0.0005648862824405576,"standard_error":0.0003542417457271298}}