{"mean":{"confidence_interval":{"confidence_level":0.95,"lower_bound":0.31132858101311706,"upper_bound":0.3123375258809672},"point_estimate":0.311759433423936,"standard_error":0.0002602474075146945},"median":{"confidence_interval":{"confidence_level":0.95,"lower_bound":0.3110119898969341,"upper_bound":0.3111924179679688},"point_estimate":0.3111036575555547,"standard_error":0.000049621033065618845},"median_abs_dev":{"confidence_interval":{"confidence_level":0.95,"lower_bound":0.000153261221197628,"upper_bound":0.0003827857939629754},"point_estimate":0.0002487786211028986,"standard_error":0.0000620957827926085},"slope":{"confidence_interval":{"confidence_level":0.95,"lower_bound":0.31126833445726615,"upper_bound":0.3115520827549116},"point_estimate":0.31140460755812055,"standard_error":0.00007262887701697483},"std_dev":{"confidence_interval":{"confidence_level":0.95,"lower_bound":0.0006915622306579261,"upper_bound":0.003942330489320969},"point_estimate":0.0026100779876393142,"standard_error":0.0008587445743359483}}