{"mean":{"confidence_interval":{"confidence_level":0.95,"lower_bound":-0.010458857353471001,"upper_bound":0.00045159519227122005},"point_estimate":-0.004167607750968916,"standard_error":0.0028350613114027073},"median":{"confidence_interval":{"confidence_level":0.95,"lower_bound":-0.00018796205875493133,"upper_bound":0.0005437067059437251},"point_estimate":0.00010436910895106344,"standard_error":0.0001857863940135971}}