{"mean":{"confidence_interval":{"confidence_level":0.95,"lower_bound":-0.019406213027415426,"upper_bound":0.004353385056088154},"point_estimate":-0.005138818950405799,"standard_error":0.006252932080643108},"median":{"confidence_interval":{"confidence_level":0.95,"lower_bound":0.0006214807299684822,"upper_bound":0.001650708081730961},"point_estimate":0.0011049567778240732,"standard_error":0.00026449418398998643}}