{"mean":{"confidence_interval":{"confidence_level":0.95,"lower_bound":17.54786210891254,"upper_bound":17.61471649861387},"point_estimate":17.571694363770817,"standard_error":0.019896759061872514},"median":{"confidence_interval":{"confidence_level":0.95,"lower_bound":17.53898634870352,"upper_bound":17.551179290554277},"point_estimate":17.546558929139525,"standard_error":0.002828505255985044},"median_abs_dev":{"confidence_interval":{"confidence_level":0.95,"lower_bound":0.012239705554062109,"upper_bound":0.022755233311935776},"point_estimate":0.01863923449519611,"standard_error":0.0026839196036850294},"slope":{"confidence_interval":{"confidence_level":0.95,"lower_bound":17.547088946361903,"upper_bound":17.554823087374025},"point_estimate":17.550787372938245,"standard_error":0.0019777592032805967},"std_dev":{"confidence_interval":{"confidence_level":0.95,"lower_bound":0.0197134417466193,"upper_bound":0.34210227744058685},"point_estimate":0.20060786585649526,"standard_error":0.11323519579071198}}