{"mean":{"confidence_interval":{"confidence_level":0.95,"lower_bound":0.31691339954181524,"upper_bound":0.3209944159072748},"point_estimate":0.3188661257724234,"standard_error":0.0010439842871883247},"median":{"confidence_interval":{"confidence_level":0.95,"lower_bound":0.31205102092739734,"upper_bound":0.31634933691988804},"point_estimate":0.3140246747438107,"standard_error":0.0011863342791290487},"median_abs_dev":{"confidence_interval":{"confidence_level":0.95,"lower_bound":0.0017466998984876692,"upper_bound":0.007897495810294001},"point_estimate":0.004572412893453948,"standard_error":0.0016830236949565921},"slope":{"confidence_interval":{"confidence_level":0.95,"lower_bound":0.3189544264650325,"upper_bound":0.3230838928028261},"point_estimate":0.3210016481523296,"standard_error":0.0010535475161735917},"std_dev":{"confidence_interval":{"confidence_level":0.95,"lower_bound":0.007903671976225338,"upper_bound":0.012989663996067062},"point_estimate":0.010519189302556006,"standard_error":0.0013117740619794072}}