{"mean":{"confidence_interval":{"confidence_level":0.95,"lower_bound":0.31144954415841997,"upper_bound":0.3127837603868631},"point_estimate":0.3120244311466811,"standard_error":0.0003442634920496643},"median":{"confidence_interval":{"confidence_level":0.95,"lower_bound":0.31105926672192297,"upper_bound":0.31127370103717783},"point_estimate":0.311135322932954,"standard_error":0.0000552876284920656},"median_abs_dev":{"confidence_interval":{"confidence_level":0.95,"lower_bound":0.0002281738794383172,"upper_bound":0.0004665197990793037},"point_estimate":0.00031324179760998367,"standard_error":0.0000623710047374659},"slope":{"confidence_interval":{"confidence_level":0.95,"lower_bound":0.31128049935712776,"upper_bound":0.3123001953833115},"point_estimate":0.31170395563512,"standard_error":0.00026418324242670217},"std_dev":{"confidence_interval":{"confidence_level":0.95,"lower_bound":0.001169191738306899,"upper_bound":0.005192476536658568},"point_estimate":0.003448579767908222,"standard_error":0.0010398867333352574}}