{"mean":{"confidence_interval":{"confidence_level":0.95,"lower_bound":0.31112834899106345,"upper_bound":0.31186711966136726},"point_estimate":0.31140309728631865,"standard_error":0.00020129441741500103},"median":{"confidence_interval":{"confidence_level":0.95,"lower_bound":0.31098630165050656,"upper_bound":0.31110376601169965},"point_estimate":0.31104263179568703,"standard_error":0.000028058583517653303},"median_abs_dev":{"confidence_interval":{"confidence_level":0.95,"lower_bound":0.00015248124000064001,"upper_bound":0.00028625711695451784},"point_estimate":0.00019650173492544526,"standard_error":0.000035419704943338994},"slope":{"confidence_interval":{"confidence_level":0.95,"lower_bound":0.31109975111022864,"upper_bound":0.3112974085946951},"point_estimate":0.3111894912384035,"standard_error":0.00005069850848598187},"std_dev":{"confidence_interval":{"confidence_level":0.95,"lower_bound":0.0003435846217709173,"upper_bound":0.0033806103632514867},"point_estimate":0.0020145686183554437,"standard_error":0.0009942952510146803}}