{"mean":{"confidence_interval":{"confidence_level":0.95,"lower_bound":-0.001302031085726557,"upper_bound":0.003801942370174315},"point_estimate":0.0007745544693129602,"standard_error":0.0013539411395925693},"median":{"confidence_interval":{"confidence_level":0.95,"lower_bound":-0.0006271081662428957,"upper_bound":0.0006078647374658797},"point_estimate":-0.000019997019196305033,"standard_error":0.0003060178572143178}}