{"mean":{"confidence_interval":{"confidence_level":0.95,"lower_bound":7.46679671178558,"upper_bound":7.482698799247909},"point_estimate":7.473096298240077,"standard_error":0.0041980133019216565},"median":{"confidence_interval":{"confidence_level":0.95,"lower_bound":7.463792490243096,"upper_bound":7.466486653643378},"point_estimate":7.4648214414339,"standard_error":0.0006496701960051739},"median_abs_dev":{"confidence_interval":{"confidence_level":0.95,"lower_bound":0.003303926893487987,"upper_bound":0.006633598216985895},"point_estimate":0.004628665386596669,"standard_error":0.0008179463885377963},"slope":{"confidence_interval":{"confidence_level":0.95,"lower_bound":7.466477044041838,"upper_bound":7.477530540148005},"point_estimate":7.470486713002097,"standard_error":0.0030506989090720183},"std_dev":{"confidence_interval":{"confidence_level":0.95,"lower_bound":0.007367633819345178,"upper_bound":0.06903779469813133},"point_estimate":0.042133550141972106,"standard_error":0.017934534926280638}}