{"mean":{"confidence_interval":{"confidence_level":0.95,"lower_bound":0.3113710063072339,"upper_bound":0.3122407165721912},"point_estimate":0.31174175019841743,"standard_error":0.00022556883742565862},"median":{"confidence_interval":{"confidence_level":0.95,"lower_bound":0.31106077312742614,"upper_bound":0.31133237423706955},"point_estimate":0.3112275825440268,"standard_error":0.000055630638843358586},"median_abs_dev":{"confidence_interval":{"confidence_level":0.95,"lower_bound":0.0002743497131911019,"upper_bound":0.0005392859929756797},"point_estimate":0.0004307436434915414,"standard_error":0.000057179367385550085},"slope":{"confidence_interval":{"confidence_level":0.95,"lower_bound":0.31138151081913507,"upper_bound":0.31207649032076606},"point_estimate":0.31168070628473465,"standard_error":0.0001790032596383804},"std_dev":{"confidence_interval":{"confidence_level":0.95,"lower_bound":0.0007542794406296798,"upper_bound":0.0035144144889121434},"point_estimate":0.002265187105654586,"standard_error":0.0007420179161762568}}