{"mean":{"confidence_interval":{"confidence_level":0.95,"lower_bound":0.31124401309065375,"upper_bound":0.3130830998099968},"point_estimate":0.31188246793520247,"standard_error":0.0005699548825864717},"median":{"confidence_interval":{"confidence_level":0.95,"lower_bound":0.31112100162617484,"upper_bound":0.311310911192467},"point_estimate":0.31117389859840505,"standard_error":0.000048073066350146425},"median_abs_dev":{"confidence_interval":{"confidence_level":0.95,"lower_bound":0.0002779606701953839,"upper_bound":0.0004669744885642511},"point_estimate":0.0003734780869247962,"standard_error":0.00004948871855804014},"slope":{"confidence_interval":{"confidence_level":0.95,"lower_bound":0.31124829596031844,"upper_bound":0.31142505569016393},"point_estimate":0.31133311681253717,"standard_error":0.00004509499512071689},"std_dev":{"confidence_interval":{"confidence_level":0.95,"lower_bound":0.00036530911810037927,"upper_bound":0.009826818991916161},"point_estimate":0.005739110851848163,"standard_error":0.0033978543337539516}}