{"mean":{"confidence_interval":{"confidence_level":0.95,"lower_bound":0.3048233785533105,"upper_bound":0.30757252996889567},"point_estimate":0.3061594257521555,"standard_error":0.0007023532284404715},"median":{"confidence_interval":{"confidence_level":0.95,"lower_bound":0.3050517904057544,"upper_bound":0.31066417595087287},"point_estimate":0.30767833731448113,"standard_error":0.0015675875953422686},"median_abs_dev":{"confidence_interval":{"confidence_level":0.95,"lower_bound":0.0016362725176802275,"upper_bound":0.008627138074484694},"point_estimate":0.005334163833371819,"standard_error":0.0018871086237536236},"slope":{"confidence_interval":{"confidence_level":0.95,"lower_bound":0.30343683842189273,"upper_bound":0.3060821183233113},"point_estimate":0.3047648513024082,"standard_error":0.0006762532363722274},"std_dev":{"confidence_interval":{"confidence_level":0.95,"lower_bound":0.005375752925903104,"upper_bound":0.00923656911408469},"point_estimate":0.007076229641321012,"standard_error":0.0010901121419915531}}