{"mean":{"confidence_interval":{"confidence_level":0.95,"lower_bound":0.3114282136745631,"upper_bound":0.31268651024028155},"point_estimate":0.31197724043323355,"standard_error":0.00032444777499002225},"median":{"confidence_interval":{"confidence_level":0.95,"lower_bound":0.3110840548938805,"upper_bound":0.3112613282974524},"point_estimate":0.3111892430482758,"standard_error":0.000047914870751758894},"median_abs_dev":{"confidence_interval":{"confidence_level":0.95,"lower_bound":0.0003252679165538674,"upper_bound":0.0005755853618262081},"point_estimate":0.0004633916805533334,"standard_error":0.00006221141934466314},"slope":{"confidence_interval":{"confidence_level":0.95,"lower_bound":0.31134455339292016,"upper_bound":0.31266568279106655},"point_estimate":0.3118922105004383,"standard_error":0.0003401619055825048},"std_dev":{"confidence_interval":{"confidence_level":0.95,"lower_bound":0.0012394126568502813,"upper_bound":0.004789256891530821},"point_estimate":0.0032459487896889395,"standard_error":0.0009086987124580037}}