{"mean":{"confidence_interval":{"confidence_level":0.95,"lower_bound":0.31242743093235403,"upper_bound":0.3145795563177225},"point_estimate":0.31332147275252614,"standard_error":0.0005589350974553798},"median":{"confidence_interval":{"confidence_level":0.95,"lower_bound":0.3112983460120276,"upper_bound":0.312193568703865},"point_estimate":0.3118517959350376,"standard_error":0.00022907131607732974},"median_abs_dev":{"confidence_interval":{"confidence_level":0.95,"lower_bound":0.0006571970957516212,"upper_bound":0.0017721236826829928},"point_estimate":0.0012800460271473236,"standard_error":0.0002855370268566854},"slope":{"confidence_interval":{"confidence_level":0.95,"lower_bound":0.31262173246153147,"upper_bound":0.31397919516276046},"point_estimate":0.31325335411278177,"standard_error":0.0003449462214773458},"std_dev":{"confidence_interval":{"confidence_level":0.95,"lower_bound":0.0022540161071721424,"upper_bound":0.008855628861396276},"point_estimate":0.005614877642590276,"standard_error":0.002065731376031796}}