{"mean":{"confidence_interval":{"confidence_level":0.95,"lower_bound":0.31124255046782434,"upper_bound":0.312966160411622},"point_estimate":0.31186252649432794,"standard_error":0.0005012546317313111},"median":{"confidence_interval":{"confidence_level":0.95,"lower_bound":0.3110190315359378,"upper_bound":0.31120756096706115},"point_estimate":0.31109121045697713,"standard_error":0.00004772664046818412},"median_abs_dev":{"confidence_interval":{"confidence_level":0.95,"lower_bound":0.00017626615917599257,"upper_bound":0.0004143063798167688},"point_estimate":0.00028062700069517995,"standard_error":0.00005858498294330112},"slope":{"confidence_interval":{"confidence_level":0.95,"lower_bound":0.3112322877456496,"upper_bound":0.3117611879989776},"point_estimate":0.31143548051877024,"standard_error":0.00014034340645082481},"std_dev":{"confidence_interval":{"confidence_level":0.95,"lower_bound":0.00047699299553654706,"upper_bound":0.008557535727094017},"point_estimate":0.005033620102364258,"standard_error":0.0027605251024053652}}