{"mean":{"confidence_interval":{"confidence_level":0.95,"lower_bound":7.156802888901527,"upper_bound":7.171098086541664},"point_estimate":7.162582306477962,"standard_error":0.0037561798522588253},"median":{"confidence_interval":{"confidence_level":0.95,"lower_bound":7.152202981029811,"upper_bound":7.156530833047794},"point_estimate":7.154765047535564,"standard_error":0.0010122205204891983},"median_abs_dev":{"confidence_interval":{"confidence_level":0.95,"lower_bound":0.0046530821478838625,"upper_bound":0.009126240368985059},"point_estimate":0.007246992769271685,"standard_error":0.0010863876436633558},"slope":{"confidence_interval":{"confidence_level":0.95,"lower_bound":7.156151814946226,"upper_bound":7.163510925574},"point_estimate":7.159185325010356,"standard_error":0.0019198156714771526},"std_dev":{"confidence_interval":{"confidence_level":0.95,"lower_bound":0.011584591385800421,"upper_bound":0.061091789588510206},"point_estimate":0.0377975123312436,"standard_error":0.015331888245863685}}