{"mean":{"confidence_interval":{"confidence_level":0.95,"lower_bound":-0.0019225236370443476,"upper_bound":0.0025945586725225384},"point_estimate":0.00023572786110404031,"standard_error":0.0011478832845089662},"median":{"confidence_interval":{"confidence_level":0.95,"lower_bound":-0.00036400716059625804,"upper_bound":0.00041588249957650854},"point_estimate":0.00003033686468278951,"standard_error":0.00018915394427299905}}