{"mean":{"confidence_interval":{"confidence_level":0.95,"lower_bound":-0.00027616419999677833,"upper_bound":0.003036078785885803},"point_estimate":0.0015218264677225868,"standard_error":0.0008361097226619642},"median":{"confidence_interval":{"confidence_level":0.95,"lower_bound":0.0004236956511036065,"upper_bound":0.001630336934916432},"point_estimate":0.0009295984540265145,"standard_error":0.0003157543049338881}}