{"mean":{"confidence_interval":{"confidence_level":0.95,"lower_bound":0.31131165440958886,"upper_bound":0.3122714399882644},"point_estimate":0.31173404337050475,"standard_error":0.0002474464698062248},"median":{"confidence_interval":{"confidence_level":0.95,"lower_bound":0.3110201560243095,"upper_bound":0.31117788877548525},"point_estimate":0.3110594222121458,"standard_error":0.00004391634628846873},"median_abs_dev":{"confidence_interval":{"confidence_level":0.95,"lower_bound":0.0001892449035370544,"upper_bound":0.0003783034981943488},"point_estimate":0.000267179706384401,"standard_error":0.00004685865371429927},"slope":{"confidence_interval":{"confidence_level":0.95,"lower_bound":0.3112471083675816,"upper_bound":0.31242154563530183},"point_estimate":0.31173732679874067,"standard_error":0.00030602000631428894},"std_dev":{"confidence_interval":{"confidence_level":0.95,"lower_bound":0.0010774509581811392,"upper_bound":0.0036776546924365606},"point_estimate":0.002495333165574892,"standard_error":0.000679097880062606}}