{"mean":{"confidence_interval":{"confidence_level":0.95,"lower_bound":-0.003454333239197485,"upper_bound":0.0011377326694457066},"point_estimate":-0.0009511935612205313,"standard_error":0.0011682542384603587},"median":{"confidence_interval":{"confidence_level":0.95,"lower_bound":-0.0006056944650153495,"upper_bound":0.00047952232673376116},"point_estimate":-0.00014929946661057514,"standard_error":0.00028666236850615476}}