{"mean":{"confidence_interval":{"confidence_level":0.95,"lower_bound":0.31129825306340697,"upper_bound":0.31300460879973196},"point_estimate":0.31192167971771295,"standard_error":0.0004896212929437584},"median":{"confidence_interval":{"confidence_level":0.95,"lower_bound":0.3110248002834776,"upper_bound":0.31126807874338147},"point_estimate":0.3111276988659547,"standard_error":0.000057182356035360884},"median_abs_dev":{"confidence_interval":{"confidence_level":0.95,"lower_bound":0.0002589150386507419,"upper_bound":0.0004893639840241908},"point_estimate":0.0003520939563506242,"standard_error":0.00005694308092992165},"slope":{"confidence_interval":{"confidence_level":0.95,"lower_bound":0.31130653302481437,"upper_bound":0.31192962724698425},"point_estimate":0.3115605986323463,"standard_error":0.00016470015822073566},"std_dev":{"confidence_interval":{"confidence_level":0.95,"lower_bound":0.000655101274904789,"upper_bound":0.008354098604413772},"point_estimate":0.004930570825897317,"standard_error":0.0026404673780989047}}