{"mean":{"confidence_interval":{"confidence_level":0.95,"lower_bound":0.3114925791996141,"upper_bound":0.3148841010012447},"point_estimate":0.3128905093006172,"standard_error":0.00088798106315243},"median":{"confidence_interval":{"confidence_level":0.95,"lower_bound":0.31104535452719534,"upper_bound":0.3112801261613847},"point_estimate":0.31116363809035485,"standard_error":0.00005683979665782902},"median_abs_dev":{"confidence_interval":{"confidence_level":0.95,"lower_bound":0.0003032015662319213,"upper_bound":0.0005846515142797199},"point_estimate":0.0004116245021933266,"standard_error":0.00007276328976891216},"slope":{"confidence_interval":{"confidence_level":0.95,"lower_bound":0.3114653131799765,"upper_bound":0.3123292508846608},"point_estimate":0.31182914448374827,"standard_error":0.00022326742234805847},"std_dev":{"confidence_interval":{"confidence_level":0.95,"lower_bound":0.001381195017207026,"upper_bound":0.014280437985564227},"point_estimate":0.008926258947265972,"standard_error":0.0034581816692296234}}