{"mean":{"confidence_interval":{"confidence_level":0.95,"lower_bound":9.29853346872793,"upper_bound":9.3392578560691},"point_estimate":9.31291216951601,"standard_error":0.012258185848134368},"median":{"confidence_interval":{"confidence_level":0.95,"lower_bound":9.29354504414408,"upper_bound":9.298638982754094},"point_estimate":9.295925858997155,"standard_error":0.001257717436295144},"median_abs_dev":{"confidence_interval":{"confidence_level":0.95,"lower_bound":0.0059959995476921175,"upper_bound":0.012241447822231761},"point_estimate":0.008264631445348693,"standard_error":0.0016957437231492013},"slope":{"confidence_interval":{"confidence_level":0.95,"lower_bound":9.297312505089973,"upper_bound":9.30274985119534},"point_estimate":9.299881972737694,"standard_error":0.0013887623442904494},"std_dev":{"confidence_interval":{"confidence_level":0.95,"lower_bound":0.011683995348729562,"upper_bound":0.20952732798710008},"point_estimate":0.12271140030850895,"standard_error":0.07012442997724849}}