{"mean":{"confidence_interval":{"confidence_level":0.95,"lower_bound":-0.0056360094991634605,"upper_bound":0.004337705898223702},"point_estimate":-0.0002630163928102336,"standard_error":0.0025217629563551234},"median":{"confidence_interval":{"confidence_level":0.95,"lower_bound":-0.0005188257609782809,"upper_bound":0.0006726574053519396},"point_estimate":0.000026284462043335566,"standard_error":0.0003099338994033145}}