{"mean":{"confidence_interval":{"confidence_level":0.95,"lower_bound":-0.000509486305093198,"upper_bound":0.003656698173468692},"point_estimate":0.0013381358776489716,"standard_error":0.0010337143813283901},"median":{"confidence_interval":{"confidence_level":0.95,"lower_bound":0.0003963405197104919,"upper_bound":0.0013560477222140932},"point_estimate":0.0008511575584955189,"standard_error":0.00024190260953963302}}