{"mean":{"confidence_interval":{"confidence_level":0.95,"lower_bound":-0.002559251616675511,"upper_bound":0.007910983811012413},"point_estimate":0.0019412217266936427,"standard_error":0.002654053282984968},"median":{"confidence_interval":{"confidence_level":0.95,"lower_bound":-0.0002210211205861956,"upper_bound":0.0004848583570120635},"point_estimate":0.00010871932528377926,"standard_error":0.00017788226218730236}}