{"mean":{"confidence_interval":{"confidence_level":0.95,"lower_bound":-0.0015257693455979515,"upper_bound":0.0017038399676419119},"point_estimate":0.00013000459969036982,"standard_error":0.000807543928414788},"median":{"confidence_interval":{"confidence_level":0.95,"lower_bound":-0.0002521120849335867,"upper_bound":0.00018605399141580214},"point_estimate":-0.00006660993259333114,"standard_error":0.00011218550623960026}}