{"mean":{"confidence_interval":{"confidence_level":0.95,"lower_bound":-0.0018418754691007255,"upper_bound":0.0036395652111241234},"point_estimate":0.0010808496860992278,"standard_error":0.0013860597570583113},"median":{"confidence_interval":{"confidence_level":0.95,"lower_bound":0.00006266665478639248,"upper_bound":0.0020061450610526776},"point_estimate":0.0011806594598824383,"standard_error":0.0005026842477004755}}