{"mean":{"confidence_interval":{"confidence_level":0.95,"lower_bound":7.469228972635715,"upper_bound":7.505015755476481},"point_estimate":7.482042983277019,"standard_error":0.01050772893819932},"median":{"confidence_interval":{"confidence_level":0.95,"lower_bound":7.464365040435674,"upper_bound":7.469754617893205},"point_estimate":7.466935873609913,"standard_error":0.0013722305159628147},"median_abs_dev":{"confidence_interval":{"confidence_level":0.95,"lower_bound":0.006851730286436249,"upper_bound":0.012604922834096111},"point_estimate":0.008797776181823922,"standard_error":0.001447855094463034},"slope":{"confidence_interval":{"confidence_level":0.95,"lower_bound":7.467692364431529,"upper_bound":7.473552090354668},"point_estimate":7.470437951853691,"standard_error":0.0015000124608526074},"std_dev":{"confidence_interval":{"confidence_level":0.95,"lower_bound":0.011912332464965938,"upper_bound":0.1802521259405832},"point_estimate":0.10588222794580976,"standard_error":0.05882399504630436}}