{"mean":{"confidence_interval":{"confidence_level":0.95,"lower_bound":7.623611894493861,"upper_bound":7.670354845971627},"point_estimate":7.645436525815312,"standard_error":0.011918718482316888},"median":{"confidence_interval":{"confidence_level":0.95,"lower_bound":7.597887895628282,"upper_bound":7.640797522611452},"point_estimate":7.619289594880994,"standard_error":0.012405350690304661},"median_abs_dev":{"confidence_interval":{"confidence_level":0.95,"lower_bound":0.049246320936309665,"upper_bound":0.10888816904275994},"point_estimate":0.0726492951418239,"standard_error":0.014582049643217312},"slope":{"confidence_interval":{"confidence_level":0.95,"lower_bound":7.6181120741640775,"upper_bound":7.65326919362936},"point_estimate":7.634986640429358,"standard_error":0.008971373915764864},"std_dev":{"confidence_interval":{"confidence_level":0.95,"lower_bound":0.0813398625403695,"upper_bound":0.16411117374424297},"point_estimate":0.11954766698084938,"standard_error":0.02359591610852328}}