{"mean":{"confidence_interval":{"confidence_level":0.95,"lower_bound":5.753042097149212,"upper_bound":5.7744850077425385},"point_estimate":5.760869310450873,"standard_error":0.00607957578857412},"median":{"confidence_interval":{"confidence_level":0.95,"lower_bound":5.750796815986641,"upper_bound":5.752597803799539},"point_estimate":5.751229999612746,"standard_error":0.0005309323342069839},"median_abs_dev":{"confidence_interval":{"confidence_level":0.95,"lower_bound":0.0031290065302529307,"upper_bound":0.006000329214844646},"point_estimate":0.0040616452839751455,"standard_error":0.0007884408998354858},"slope":{"confidence_interval":{"confidence_level":0.95,"lower_bound":5.75231655943381,"upper_bound":5.755626237075312},"point_estimate":5.7539140640363025,"standard_error":0.0008451413037426343},"std_dev":{"confidence_interval":{"confidence_level":0.95,"lower_bound":0.007546444310365391,"upper_bound":0.10371171630031074},"point_estimate":0.06125363585137016,"standard_error":0.03232288359946777}}