{"mean":{"confidence_interval":{"confidence_level":0.95,"lower_bound":0.31127825866085557,"upper_bound":0.3120131445512267},"point_estimate":0.3115591320098538,"standard_error":0.00019644565837690658},"median":{"confidence_interval":{"confidence_level":0.95,"lower_bound":0.3111182131506219,"upper_bound":0.3112925314698569},"point_estimate":0.31120041892340344,"standard_error":0.00004439710869786775},"median_abs_dev":{"confidence_interval":{"confidence_level":0.95,"lower_bound":0.00028960088970853676,"upper_bound":0.00050984227945167},"point_estimate":0.00041098162799659097,"standard_error":0.00005780429260120629},"slope":{"confidence_interval":{"confidence_level":0.95,"lower_bound":0.3113134042395214,"upper_bound":0.3115648895515036},"point_estimate":0.31143360755567606,"standard_error":0.00006420301424966321},"std_dev":{"confidence_interval":{"confidence_level":0.95,"lower_bound":0.0004334693687244555,"upper_bound":0.0032652254004671612},"point_estimate":0.0019677255995706367,"standard_error":0.0009071367074509272}}