{"mean":{"confidence_interval":{"confidence_level":0.95,"lower_bound":0.31186085314604417,"upper_bound":0.3153821825315772},"point_estimate":0.3134102397276569,"standard_error":0.0009092175360690203},"median":{"confidence_interval":{"confidence_level":0.95,"lower_bound":0.31097341740862383,"upper_bound":0.31122925380798067},"point_estimate":0.31110842623941487,"standard_error":0.00007162185914923386},"median_abs_dev":{"confidence_interval":{"confidence_level":0.95,"lower_bound":0.0001952948173849982,"upper_bound":0.0005159030845722824},"point_estimate":0.00036165682456098863,"standard_error":0.00008969803001652921},"slope":{"confidence_interval":{"confidence_level":0.95,"lower_bound":0.31134936482113057,"upper_bound":0.3138147311370763},"point_estimate":0.31221418516139077,"standard_error":0.0006799851097531831},"std_dev":{"confidence_interval":{"confidence_level":0.95,"lower_bound":0.0030982473292372674,"upper_bound":0.013048735539767714},"point_estimate":0.009129471800750138,"standard_error":0.0024014556407690223}}