{"mean":{"confidence_interval":{"confidence_level":0.95,"lower_bound":0.3142120366271356,"upper_bound":0.31648401271475646},"point_estimate":0.31531335654932385,"standard_error":0.0005807755531556324},"median":{"confidence_interval":{"confidence_level":0.95,"lower_bound":0.31160787712029525,"upper_bound":0.3131330531128981},"point_estimate":0.31214828762108154,"standard_error":0.00042270410095064583},"median_abs_dev":{"confidence_interval":{"confidence_level":0.95,"lower_bound":0.0011533697562781686,"upper_bound":0.003313725598574828},"point_estimate":0.0018895609459279184,"standard_error":0.0006055307958322561},"slope":{"confidence_interval":{"confidence_level":0.95,"lower_bound":0.3161835708506729,"upper_bound":0.3196528370327268},"point_estimate":0.31793479568764205,"standard_error":0.0008872674683527283},"std_dev":{"confidence_interval":{"confidence_level":0.95,"lower_bound":0.004823345818182808,"upper_bound":0.0066741341845697605},"point_estimate":0.005820140598398132,"standard_error":0.0004724837501167537}}