{"mean":{"confidence_interval":{"confidence_level":0.95,"lower_bound":-0.0018418408089016392,"upper_bound":0.004768656714005614},"point_estimate":0.0007674478561807696,"standard_error":0.0017253963015221188},"median":{"confidence_interval":{"confidence_level":0.95,"lower_bound":-0.001092728150328126,"upper_bound":-0.000206717396428302},"point_estimate":-0.0007351308359369035,"standard_error":0.00023665702798045493}}