{"mean":{"confidence_interval":{"confidence_level":0.95,"lower_bound":0.31122033206440086,"upper_bound":0.31317725651867245},"point_estimate":0.3119334964217058,"standard_error":0.0005556903196666378},"median":{"confidence_interval":{"confidence_level":0.95,"lower_bound":0.3109765041059106,"upper_bound":0.3111609744199639},"point_estimate":0.3110569066026175,"standard_error":0.00004942779869374536},"median_abs_dev":{"confidence_interval":{"confidence_level":0.95,"lower_bound":0.00022802920356063158,"upper_bound":0.000421884848389564},"point_estimate":0.0003250448756642778,"standard_error":0.00005258290962743376},"slope":{"confidence_interval":{"confidence_level":0.95,"lower_bound":0.31117129666505194,"upper_bound":0.31158810381436364},"point_estimate":0.3113515507091008,"standard_error":0.00010699397018084389},"std_dev":{"confidence_interval":{"confidence_level":0.95,"lower_bound":0.0007840564971282596,"upper_bound":0.009431586425641222},"point_estimate":0.005576499373116081,"standard_error":0.0029541502859896105}}