{"mean":{"confidence_interval":{"confidence_level":0.95,"lower_bound":7.153484235182007,"upper_bound":7.165098371735901},"point_estimate":7.157880231021697,"standard_error":0.0031650845751163663},"median":{"confidence_interval":{"confidence_level":0.95,"lower_bound":7.150797767864674,"upper_bound":7.152997034792387},"point_estimate":7.151798369372004,"standard_error":0.0005194704297056997},"median_abs_dev":{"confidence_interval":{"confidence_level":0.95,"lower_bound":0.002715918341699398,"upper_bound":0.005386440345014319},"point_estimate":0.0036702217232463877,"standard_error":0.0007276573138027213},"slope":{"confidence_interval":{"confidence_level":0.95,"lower_bound":7.153052902764374,"upper_bound":7.156789862384171},"point_estimate":7.154823397489153,"standard_error":0.0009546560580851406},"std_dev":{"confidence_interval":{"confidence_level":0.95,"lower_bound":0.006525298993381618,"upper_bound":0.053222142590481275},"point_estimate":0.03186234514546713,"standard_error":0.015415259763871729}}