{"mean":{"confidence_interval":{"confidence_level":0.95,"lower_bound":-0.0028480408428020673,"upper_bound":0.003956133821989152},"point_estimate":0.0004592794835376335,"standard_error":0.0016438994952988981},"median":{"confidence_interval":{"confidence_level":0.95,"lower_bound":-0.0001860804537971994,"upper_bound":0.0003121631204159314},"point_estimate":0.00006376274889552391,"standard_error":0.00012899812675745605}}