{"mean":{"confidence_interval":{"confidence_level":0.95,"lower_bound":-0.0023716933759625053,"upper_bound":0.005315907611152614},"point_estimate":0.0005427246492493154,"standard_error":0.0020354209334105962},"median":{"confidence_interval":{"confidence_level":0.95,"lower_bound":-0.0006085424702281255,"upper_bound":0.000372702338804013},"point_estimate":-0.0002329049576760278,"standard_error":0.0002495534953944794}}