{"mean":{"confidence_interval":{"confidence_level":0.95,"lower_bound":-0.006795095988280006,"upper_bound":0.00793075664664052},"point_estimate":0.000669419231782431,"standard_error":0.0037317814229655168},"median":{"confidence_interval":{"confidence_level":0.95,"lower_bound":-0.00015110832679976482,"upper_bound":0.000996963955732344},"point_estimate":0.0005306050994033917,"standard_error":0.0002785343357388827}}