{"mean":{"confidence_interval":{"confidence_level":0.95,"lower_bound":0.31116127837705,"upper_bound":0.31199897076566074},"point_estimate":0.31150041572862475,"standard_error":0.00022077108039116769},"median":{"confidence_interval":{"confidence_level":0.95,"lower_bound":0.31096466694230795,"upper_bound":0.31118386631594},"point_estimate":0.31108461728289377,"standard_error":0.000054806254173873324},"median_abs_dev":{"confidence_interval":{"confidence_level":0.95,"lower_bound":0.00017317895804915494,"upper_bound":0.0004010547845133},"point_estimate":0.00030668003868140236,"standard_error":0.00005874931760525216},"slope":{"confidence_interval":{"confidence_level":0.95,"lower_bound":0.3111912847796908,"upper_bound":0.31181410105055496},"point_estimate":0.3114225125177345,"standard_error":0.00016796983106933771},"std_dev":{"confidence_interval":{"confidence_level":0.95,"lower_bound":0.00038678283074973486,"upper_bound":0.0035737270590746146},"point_estimate":0.0022180218130253165,"standard_error":0.0008895310305807302}}