{"mean":{"confidence_interval":{"confidence_level":0.95,"lower_bound":-0.003531849515199434,"upper_bound":0.004201548980412374},"point_estimate":0.00019298489357200133,"standard_error":0.0019822107960132257},"median":{"confidence_interval":{"confidence_level":0.95,"lower_bound":0.00022336955359314494,"upper_bound":0.0012079440284633591},"point_estimate":0.000641756359548884,"standard_error":0.0002534249316223705}}