{"mean":{"confidence_interval":{"confidence_level":0.95,"lower_bound":0.3114632938497732,"upper_bound":0.3124708446090774},"point_estimate":0.3118612998673029,"standard_error":0.0002659746775466773},"median":{"confidence_interval":{"confidence_level":0.95,"lower_bound":0.31123306831612174,"upper_bound":0.3114765339314245},"point_estimate":0.3113403109477916,"standard_error":0.000060373685043752064},"median_abs_dev":{"confidence_interval":{"confidence_level":0.95,"lower_bound":0.00040063745710606434,"upper_bound":0.0006730823028625909},"point_estimate":0.0005126606856758619,"standard_error":0.00006808689066562185},"slope":{"confidence_interval":{"confidence_level":0.95,"lower_bound":0.31149079046983974,"upper_bound":0.3118705069542056},"point_estimate":0.31166536187266936,"standard_error":0.00009706573931803441},"std_dev":{"confidence_interval":{"confidence_level":0.95,"lower_bound":0.0007212415650253499,"upper_bound":0.0043790306191027455},"point_estimate":0.002674626066648567,"standard_error":0.0011534966909638926}}