{"mean":{"confidence_interval":{"confidence_level":0.95,"lower_bound":-0.002046636817926991,"upper_bound":0.005303380190653664},"point_estimate":0.0013078934289325606,"standard_error":0.0018672490718346937},"median":{"confidence_interval":{"confidence_level":0.95,"lower_bound":-0.000020667659634024388,"upper_bound":0.0006778793431443386},"point_estimate":0.00025790646901957537,"standard_error":0.0001847783068355889}}