{"mean":{"confidence_interval":{"confidence_level":0.95,"lower_bound":0.31170928450972485,"upper_bound":0.3162228133578952},"point_estimate":0.31362185118046865,"standard_error":0.0011667549818903029},"median":{"confidence_interval":{"confidence_level":0.95,"lower_bound":0.31109073262856957,"upper_bound":0.31140274854498773},"point_estimate":0.311249479037688,"standard_error":0.00007790264787322672},"median_abs_dev":{"confidence_interval":{"confidence_level":0.95,"lower_bound":0.00032643277840601346,"upper_bound":0.000644427339692442},"point_estimate":0.0005072790762274403,"standard_error":0.0000768585451202957},"slope":{"confidence_interval":{"confidence_level":0.95,"lower_bound":0.31148726633060153,"upper_bound":0.31222411365740915},"point_estimate":0.3118045965961415,"standard_error":0.00018957913653362243},"std_dev":{"confidence_interval":{"confidence_level":0.95,"lower_bound":0.0022337259980706858,"upper_bound":0.0180444856340613},"point_estimate":0.011683794675847447,"standard_error":0.0040208748138338786}}