{"mean":{"confidence_interval":{"confidence_level":0.95,"lower_bound":15.43826545679232,"upper_bound":15.536266722796821},"point_estimate":15.488991434577212,"standard_error":0.02508834855420021},"median":{"confidence_interval":{"confidence_level":0.95,"lower_bound":15.572768074879772,"upper_bound":15.600807423739463},"point_estimate":15.598200255730836,"standard_error":0.0070070346650535995},"median_abs_dev":{"confidence_interval":{"confidence_level":0.95,"lower_bound":0.020679246846074032,"upper_bound":0.07688102806656733},"point_estimate":0.03807393797590708,"standard_error":0.014278876420957511},"slope":{"confidence_interval":{"confidence_level":0.95,"lower_bound":15.433340222768035,"upper_bound":15.523755693221842},"point_estimate":15.481735431909971,"standard_error":0.023054203248529807},"std_dev":{"confidence_interval":{"confidence_level":0.95,"lower_bound":0.1889606152417012,"upper_bound":0.30516823209406924},"point_estimate":0.2525667320006643,"standard_error":0.029509116681031}}