{"mean":{"confidence_interval":{"confidence_level":0.95,"lower_bound":-0.0023595514654152407,"upper_bound":0.0016644217677914128},"point_estimate":-0.00028612757095891617,"standard_error":0.0010154482926360842},"median":{"confidence_interval":{"confidence_level":0.95,"lower_bound":-0.000701666656240163,"upper_bound":0.0002672812562978244},"point_estimate":-0.00021871749972002252,"standard_error":0.00023643731472723403}}