{"mean":{"confidence_interval":{"confidence_level":0.95,"lower_bound":0.3119712818156509,"upper_bound":0.3147890482491489},"point_estimate":0.31299029757237373,"standard_error":0.000816067455362762},"median":{"confidence_interval":{"confidence_level":0.95,"lower_bound":0.3115714860116137,"upper_bound":0.31198452441310254},"point_estimate":0.31172089984584056,"standard_error":0.00010821461472257211},"median_abs_dev":{"confidence_interval":{"confidence_level":0.95,"lower_bound":0.00044002841091773253,"upper_bound":0.0008683290984027714},"point_estimate":0.0005721409850980152,"standard_error":0.00011507567377323799},"slope":{"confidence_interval":{"confidence_level":0.95,"lower_bound":0.31189443834904385,"upper_bound":0.3123013821527475},"point_estimate":0.3120878719670097,"standard_error":0.00010350390036361868},"std_dev":{"confidence_interval":{"confidence_level":0.95,"lower_bound":0.0008669093501639524,"upper_bound":0.013878926466859932},"point_estimate":0.008176954089238596,"standard_error":0.004433138194118447}}