{"mean":{"confidence_interval":{"confidence_level":0.95,"lower_bound":-0.0020198049992358603,"upper_bound":0.0009276016466902348},"point_estimate":-0.0005693865423938016,"standard_error":0.0007434009455275485},"median":{"confidence_interval":{"confidence_level":0.95,"lower_bound":-0.0008696167696429224,"upper_bound":-0.00030433697909549364},"point_estimate":-0.0005565263250068009,"standard_error":0.0001356210086422518}}