{"mean":{"confidence_interval":{"confidence_level":0.95,"lower_bound":-0.002067409470689838,"upper_bound":0.005920895386888194},"point_estimate":0.0011777991752650596,"standard_error":0.001994610074218938},"median":{"confidence_interval":{"confidence_level":0.95,"lower_bound":-0.00009298858387929432,"upper_bound":0.0007901584054585964},"point_estimate":0.00048013997135476494,"standard_error":0.00023062001185607508}}