{"mean":{"confidence_interval":{"confidence_level":0.95,"lower_bound":0.3180866608079834,"upper_bound":0.3226512781906633},"point_estimate":0.32024834439336286,"standard_error":0.001167395707359662},"median":{"confidence_interval":{"confidence_level":0.95,"lower_bound":0.31238820083811014,"upper_bound":0.32024364780739506},"point_estimate":0.31611081425310755,"standard_error":0.0020711142426695123},"median_abs_dev":{"confidence_interval":{"confidence_level":0.95,"lower_bound":0.0022594197604029983,"upper_bound":0.013051287297795916},"point_estimate":0.00758269568281711,"standard_error":0.0028088158380024284},"slope":{"confidence_interval":{"confidence_level":0.95,"lower_bound":0.31979955004182475,"upper_bound":0.3241771225469754},"point_estimate":0.32200560282012625,"standard_error":0.0011189478630282013},"std_dev":{"confidence_interval":{"confidence_level":0.95,"lower_bound":0.008373152243347826,"upper_bound":0.015213192580016993},"point_estimate":0.011701669424148502,"standard_error":0.0018119688761398117}}