{"mean":{"confidence_interval":{"confidence_level":0.95,"lower_bound":-0.0022263368938439327,"upper_bound":0.002336591947800608},"point_estimate":0.00021402989478125356,"standard_error":0.0011575898723606062},"median":{"confidence_interval":{"confidence_level":0.95,"lower_bound":-0.0007935396758466107,"upper_bound":-0.00009405643138415964},"point_estimate":-0.00048516980344759375,"standard_error":0.0001820060160156588}}