{"mean":{"confidence_interval":{"confidence_level":0.95,"lower_bound":0.31246703832322,"upper_bound":0.31564704060780036},"point_estimate":0.31386032442005957,"standard_error":0.0008165295857581826},"median":{"confidence_interval":{"confidence_level":0.95,"lower_bound":0.31133950479208194,"upper_bound":0.3118433793366828},"point_estimate":0.31157107047434335,"standard_error":0.00011812270924660093},"median_abs_dev":{"confidence_interval":{"confidence_level":0.95,"lower_bound":0.0005755749116934548,"upper_bound":0.0011956339098112322},"point_estimate":0.0008303890642866852,"standard_error":0.00014826732868077443},"slope":{"confidence_interval":{"confidence_level":0.95,"lower_bound":0.3124818755089203,"upper_bound":0.317933758723063},"point_estimate":0.31482136056965954,"standard_error":0.001416747950397462},"std_dev":{"confidence_interval":{"confidence_level":0.95,"lower_bound":0.002774063774475856,"upper_bound":0.01180351899467759},"point_estimate":0.008159347234765706,"standard_error":0.002182534305636188}}