{"mean":{"confidence_interval":{"confidence_level":0.95,"lower_bound":8.768649751815738,"upper_bound":8.786536360002568},"point_estimate":8.775849229225958,"standard_error":0.004694491802002339},"median":{"confidence_interval":{"confidence_level":0.95,"lower_bound":8.764610741314481,"upper_bound":8.768295129395437},"point_estimate":8.765938726752832,"standard_error":0.0008922672404005031},"median_abs_dev":{"confidence_interval":{"confidence_level":0.95,"lower_bound":0.00499145935182579,"upper_bound":0.008461179564745912},"point_estimate":0.006957291864984362,"standard_error":0.0009181948290096091},"slope":{"confidence_interval":{"confidence_level":0.95,"lower_bound":8.768339558446343,"upper_bound":8.775901027155166},"point_estimate":8.7717582421741,"standard_error":0.0019422985317684258},"std_dev":{"confidence_interval":{"confidence_level":0.95,"lower_bound":0.012705825492773718,"upper_bound":0.07633628972030335},"point_estimate":0.04704021674116269,"standard_error":0.019043155783754}}