{"mean":{"confidence_interval":{"confidence_level":0.95,"lower_bound":0.31117593821774625,"upper_bound":0.31192102729012977},"point_estimate":0.3114784623429889,"standard_error":0.00019620648662770876},"median":{"confidence_interval":{"confidence_level":0.95,"lower_bound":0.3109862297569307,"upper_bound":0.3111073675021804},"point_estimate":0.31102371266681805,"standard_error":0.000032689717309316706},"median_abs_dev":{"confidence_interval":{"confidence_level":0.95,"lower_bound":0.00014115676745575116,"upper_bound":0.0002901939798830147},"point_estimate":0.000187735597725252,"standard_error":0.000041566835539643016},"slope":{"confidence_interval":{"confidence_level":0.95,"lower_bound":0.3112162431695446,"upper_bound":0.3116632463189361},"point_estimate":0.31140917476570007,"standard_error":0.00011486310115237237},"std_dev":{"confidence_interval":{"confidence_level":0.95,"lower_bound":0.00046426891867427564,"upper_bound":0.0032036435934313457},"point_estimate":0.001977706210883074,"standard_error":0.0008001848877644698}}