{"mean":{"confidence_interval":{"confidence_level":0.95,"lower_bound":-0.0005863548549611599,"upper_bound":0.007113783175290928},"point_estimate":0.0025715446557343924,"standard_error":0.002025588185228957},"median":{"confidence_interval":{"confidence_level":0.95,"lower_bound":0.00015218423091378774,"upper_bound":0.0011988805100058286},"point_estimate":0.0006979159594202589,"standard_error":0.00027161739633526055}}