{"mean":{"confidence_interval":{"confidence_level":0.95,"lower_bound":-0.003057969572403629,"upper_bound":0.0021697184526485165},"point_estimate":-0.0002140254805124142,"standard_error":0.0013339642001396238},"median":{"confidence_interval":{"confidence_level":0.95,"lower_bound":0.00026662052629933264,"upper_bound":0.001096798655641784},"point_estimate":0.000770633825219802,"standard_error":0.00021244396094796347}}