{"mean":{"confidence_interval":{"confidence_level":0.95,"lower_bound":0.3113051394486147,"upper_bound":0.31353187230709006},"point_estimate":0.31219460085694156,"standard_error":0.0005845458350823961},"median":{"confidence_interval":{"confidence_level":0.95,"lower_bound":0.3109056577895444,"upper_bound":0.3112034232108779},"point_estimate":0.3110501557607961,"standard_error":0.0000811511573674721},"median_abs_dev":{"confidence_interval":{"confidence_level":0.95,"lower_bound":0.0001551612167326852,"upper_bound":0.0005184116636379849},"point_estimate":0.00033803680374872627,"standard_error":0.00009439441551657525},"slope":{"confidence_interval":{"confidence_level":0.95,"lower_bound":0.3113004335886674,"upper_bound":0.31253384367925713},"point_estimate":0.31182426733275087,"standard_error":0.00031716600372445663},"std_dev":{"confidence_interval":{"confidence_level":0.95,"lower_bound":0.0009809967430077493,"upper_bound":0.009649380441051918},"point_estimate":0.005907669447984696,"standard_error":0.002470051509125985}}