{"mean":{"confidence_interval":{"confidence_level":0.95,"lower_bound":0.31361323387870765,"upper_bound":0.31669508881233044},"point_estimate":0.3150304710724375,"standard_error":0.000790447654106309},"median":{"confidence_interval":{"confidence_level":0.95,"lower_bound":0.3111692755621765,"upper_bound":0.31203289474453566},"point_estimate":0.31151605517407005,"standard_error":0.00025724379547832047},"median_abs_dev":{"confidence_interval":{"confidence_level":0.95,"lower_bound":0.0006022826116113286,"upper_bound":0.0017637351474707446},"point_estimate":0.0010076332449473644,"standard_error":0.0003377140696146269},"slope":{"confidence_interval":{"confidence_level":0.95,"lower_bound":0.31258959927595864,"upper_bound":0.31458428205744204},"point_estimate":0.31346034555725594,"standard_error":0.000508696076602999},"std_dev":{"confidence_interval":{"confidence_level":0.95,"lower_bound":0.005082367989756848,"upper_bound":0.010865370075385631},"point_estimate":0.007933799253135306,"standard_error":0.0015525183066107508}}