{"mean":{"confidence_interval":{"confidence_level":0.95,"lower_bound":-0.00312246636789692,"upper_bound":0.0008894198511898567},"point_estimate":-0.0009631408809753772,"standard_error":0.00102227887334305},"median":{"confidence_interval":{"confidence_level":0.95,"lower_bound":-0.00016114315127202516,"upper_bound":0.0008874334203565759},"point_estimate":0.0003665098799694455,"standard_error":0.0002658752372014557}}