{"mean":{"confidence_interval":{"confidence_level":0.95,"lower_bound":15.737498607867698,"upper_bound":15.763067450469356},"point_estimate":15.748320494891278,"standard_error":0.006604910695103465},"median":{"confidence_interval":{"confidence_level":0.95,"lower_bound":15.731358936193459,"upper_bound":15.739345416221248},"point_estimate":15.73602176502785,"standard_error":0.0019073106025981593},"median_abs_dev":{"confidence_interval":{"confidence_level":0.95,"lower_bound":0.011335443505403386,"upper_bound":0.02213934805970227},"point_estimate":0.016474171817854797,"standard_error":0.0027294350907984383},"slope":{"confidence_interval":{"confidence_level":0.95,"lower_bound":15.741015654371289,"upper_bound":15.758352855938426},"point_estimate":15.748956636009215,"standard_error":0.004437529569280848},"std_dev":{"confidence_interval":{"confidence_level":0.95,"lower_bound":0.026740483828377834,"upper_bound":0.10331692618777567},"point_estimate":0.06650853558141502,"standard_error":0.022254803356847524}}