{"mean":{"confidence_interval":{"confidence_level":0.95,"lower_bound":-0.0055526732493981126,"upper_bound":0.0007837689235333786},"point_estimate":-0.0020379981726601493,"standard_error":0.0016248971022367997},"median":{"confidence_interval":{"confidence_level":0.95,"lower_bound":-0.0007563228686970902,"upper_bound":0.00017391190627003006},"point_estimate":-0.0004840104414720603,"standard_error":0.00024582313620260366}}