{"mean":{"confidence_interval":{"confidence_level":0.95,"lower_bound":6.259108859440189,"upper_bound":6.269542410074316},"point_estimate":6.263240207092448,"standard_error":0.002740277189464078},"median":{"confidence_interval":{"confidence_level":0.95,"lower_bound":6.255741149346804,"upper_bound":6.258243293650542},"point_estimate":6.257120108133956,"standard_error":0.0006166180197875594},"median_abs_dev":{"confidence_interval":{"confidence_level":0.95,"lower_bound":0.003249900355953135,"upper_bound":0.006101531866987747},"point_estimate":0.004407073934934847,"standard_error":0.0007261704351823141},"slope":{"confidence_interval":{"confidence_level":0.95,"lower_bound":6.259664080369475,"upper_bound":6.265507118088662},"point_estimate":6.262349199865068,"standard_error":0.0014967733098876944},"std_dev":{"confidence_interval":{"confidence_level":0.95,"lower_bound":0.00833593764095929,"upper_bound":0.04477225703741438},"point_estimate":0.027485064719997846,"standard_error":0.011570141811722294}}