{"mean":{"confidence_interval":{"confidence_level":0.95,"lower_bound":0.312475229119181,"upper_bound":0.3164879383403573},"point_estimate":0.31396354536382287,"standard_error":0.0010970626934586637},"median":{"confidence_interval":{"confidence_level":0.95,"lower_bound":0.3115618726194305,"upper_bound":0.3121829823584515},"point_estimate":0.31173466699501234,"standard_error":0.0001545213912530598},"median_abs_dev":{"confidence_interval":{"confidence_level":0.95,"lower_bound":0.0008409661870100201,"upper_bound":0.001657578855252614},"point_estimate":0.0011714488805711638,"standard_error":0.00020853535786853554},"slope":{"confidence_interval":{"confidence_level":0.95,"lower_bound":0.31252803731214396,"upper_bound":0.3137249193855919},"point_estimate":0.3130913459530822,"standard_error":0.00030563029128425403},"std_dev":{"confidence_interval":{"confidence_level":0.95,"lower_bound":0.0020413882386412178,"upper_bound":0.018433401568936737},"point_estimate":0.010980693733165119,"standard_error":0.005466284098841048}}