{"mean":{"confidence_interval":{"confidence_level":0.95,"lower_bound":0.31126989054013093,"upper_bound":0.313374060873736},"point_estimate":0.3120441944547997,"standard_error":0.0005772526552438231},"median":{"confidence_interval":{"confidence_level":0.95,"lower_bound":0.31097362321366057,"upper_bound":0.311176937356913},"point_estimate":0.31105279926428786,"standard_error":0.00004560070478086757},"median_abs_dev":{"confidence_interval":{"confidence_level":0.95,"lower_bound":0.00016813185037389402,"upper_bound":0.00039386458162638747},"point_estimate":0.00027923871046771527,"standard_error":0.000057378331387470096},"slope":{"confidence_interval":{"confidence_level":0.95,"lower_bound":0.31117234257207527,"upper_bound":0.3115660925876006},"point_estimate":0.31134635359175206,"standard_error":0.00010128106467797299},"std_dev":{"confidence_interval":{"confidence_level":0.95,"lower_bound":0.0006532409734481743,"upper_bound":0.009735503823955933},"point_estimate":0.005788439595260028,"standard_error":0.002904455115467948}}