{"mean":{"confidence_interval":{"confidence_level":0.95,"lower_bound":-0.0014064128880389103,"upper_bound":0.0001953335090611074},"point_estimate":-0.0005714068152036234,"standard_error":0.00040372785626494425},"median":{"confidence_interval":{"confidence_level":0.95,"lower_bound":-0.0005459452260351272,"upper_bound":-0.000041519084799249586},"point_estimate":-0.00018225129223137237,"standard_error":0.00012696240763856512}}