{"mean":{"confidence_interval":{"confidence_level":0.95,"lower_bound":9.096350481086551,"upper_bound":9.114436839222481},"point_estimate":9.102754334425718,"standard_error":0.00540432057138709},"median":{"confidence_interval":{"confidence_level":0.95,"lower_bound":9.095585262306681,"upper_bound":9.097745268310314},"point_estimate":9.096654984579736,"standard_error":0.0005164754257254894},"median_abs_dev":{"confidence_interval":{"confidence_level":0.95,"lower_bound":0.003052112886888476,"upper_bound":0.006404025244655576},"point_estimate":0.004999669206413704,"standard_error":0.0008613515387612445},"slope":{"confidence_interval":{"confidence_level":0.95,"lower_bound":9.096024021316676,"upper_bound":9.098141212253148},"point_estimate":9.097065631286021,"standard_error":0.0005393437476076382},"std_dev":{"confidence_interval":{"confidence_level":0.95,"lower_bound":0.00557756661929569,"upper_bound":0.09233486462329005},"point_estimate":0.054113321364707,"standard_error":0.030713720870801518}}