{"mean":{"confidence_interval":{"confidence_level":0.95,"lower_bound":9.095609124717761,"upper_bound":9.11380092772308},"point_estimate":9.102075740857753,"standard_error":0.005415346920595543},"median":{"confidence_interval":{"confidence_level":0.95,"lower_bound":9.094475222010303,"upper_bound":9.096426044853596},"point_estimate":9.09555871471888,"standard_error":0.0005398173469661772},"median_abs_dev":{"confidence_interval":{"confidence_level":0.95,"lower_bound":0.0033797204667541632,"upper_bound":0.00556966587555279},"point_estimate":0.004497053116667133,"standard_error":0.0005835815996285117},"slope":{"confidence_interval":{"confidence_level":0.95,"lower_bound":9.095946939750672,"upper_bound":9.098975619410863},"point_estimate":9.097336826821767,"standard_error":0.0007737972297731175},"std_dev":{"confidence_interval":{"confidence_level":0.95,"lower_bound":0.005783177903786857,"upper_bound":0.0928106633438128},"point_estimate":0.05442183985200347,"standard_error":0.030677038295612274}}