{"mean":{"confidence_interval":{"confidence_level":0.95,"lower_bound":-0.002422586462406515,"upper_bound":0.006206708396700466},"point_estimate":0.0020457692660798,"standard_error":0.0021712619999519076},"median":{"confidence_interval":{"confidence_level":0.95,"lower_bound":0.0005282000820931998,"upper_bound":0.0017351018028346488},"point_estimate":0.0011318977230314609,"standard_error":0.0003079839223876531}}