{"mean":{"confidence_interval":{"confidence_level":0.95,"lower_bound":0.31127867634774875,"upper_bound":0.31191194031511776},"point_estimate":0.31151855180241445,"standard_error":0.00017136341621197906},"median":{"confidence_interval":{"confidence_level":0.95,"lower_bound":0.31112711012358346,"upper_bound":0.3112053015075642},"point_estimate":0.31116693781308047,"standard_error":0.000019501955372114717},"median_abs_dev":{"confidence_interval":{"confidence_level":0.95,"lower_bound":0.00021676574874733987,"upper_bound":0.00038551440988363636},"point_estimate":0.00029307663075802683,"standard_error":0.000041881407162967805},"slope":{"confidence_interval":{"confidence_level":0.95,"lower_bound":0.31125698064471097,"upper_bound":0.31149229464704953},"point_estimate":0.31136187206815047,"standard_error":0.0000602130358285207},"std_dev":{"confidence_interval":{"confidence_level":0.95,"lower_bound":0.0004333312888821889,"upper_bound":0.002859098718599674},"point_estimate":0.0017173744542865307,"standard_error":0.000824261402360362}}