{"mean":{"confidence_interval":{"confidence_level":0.95,"lower_bound":-0.0026371089301577464,"upper_bound":0.0011634908152282672},"point_estimate":-0.0006020456617409353,"standard_error":0.0009604112710345358},"median":{"confidence_interval":{"confidence_level":0.95,"lower_bound":-0.0004105048662716185,"upper_bound":0.00045142298640943324},"point_estimate":0.000019686166060184362,"standard_error":0.00023232638860079972}}