{"mean":{"confidence_interval":{"confidence_level":0.95,"lower_bound":0.31128991784359616,"upper_bound":0.31218064077147384},"point_estimate":0.3116705904299472,"standard_error":0.00022955090366588943},"median":{"confidence_interval":{"confidence_level":0.95,"lower_bound":0.311011800780643,"upper_bound":0.31122919438961333},"point_estimate":0.3111347859442602,"standard_error":0.00004763641098333194},"median_abs_dev":{"confidence_interval":{"confidence_level":0.95,"lower_bound":0.00030237326876817095,"upper_bound":0.0005106967078906303},"point_estimate":0.00042762337731109943,"standard_error":0.00005331868763674625},"slope":{"confidence_interval":{"confidence_level":0.95,"lower_bound":0.3112412754940092,"upper_bound":0.3116369829594279},"point_estimate":0.3114182015706136,"standard_error":0.00010093412027699932},"std_dev":{"confidence_interval":{"confidence_level":0.95,"lower_bound":0.0007067037899102252,"upper_bound":0.003574526864280388},"point_estimate":0.0023055434022046712,"standard_error":0.0007505305640080305}}