{"mean":{"confidence_interval":{"confidence_level":0.95,"lower_bound":0.3151082264984123,"upper_bound":0.31969847532385287},"point_estimate":0.31723663987021533,"standard_error":0.0011770107588099977},"median":{"confidence_interval":{"confidence_level":0.95,"lower_bound":0.31141278173819353,"upper_bound":0.311945433014174},"point_estimate":0.3117195669238801,"standard_error":0.0001487464269724435},"median_abs_dev":{"confidence_interval":{"confidence_level":0.95,"lower_bound":0.0006224356575548934,"upper_bound":0.0015586753080832688},"point_estimate":0.001087886092890957,"standard_error":0.0002597994523901917},"slope":{"confidence_interval":{"confidence_level":0.95,"lower_bound":0.31436282218215056,"upper_bound":0.31896980890905774},"point_estimate":0.3165902056500137,"standard_error":0.001180619163480221},"std_dev":{"confidence_interval":{"confidence_level":0.95,"lower_bound":0.007522066736804693,"upper_bound":0.01612260556295116},"point_estimate":0.01180706113022134,"standard_error":0.002290936265566009}}