{"mean":{"confidence_interval":{"confidence_level":0.95,"lower_bound":0.31136594614706276,"upper_bound":0.3131721152849034},"point_estimate":0.3120284391950165,"standard_error":0.0005068234431081538},"median":{"confidence_interval":{"confidence_level":0.95,"lower_bound":0.31110546662047583,"upper_bound":0.3112676904186787},"point_estimate":0.311148691035864,"standard_error":0.0000451984254576756},"median_abs_dev":{"confidence_interval":{"confidence_level":0.95,"lower_bound":0.000219957822979985,"upper_bound":0.00044087530749191867},"point_estimate":0.0002705926670072844,"standard_error":0.00005754117659016558},"slope":{"confidence_interval":{"confidence_level":0.95,"lower_bound":0.31133832838065967,"upper_bound":0.31169969722522267},"point_estimate":0.31149963253713026,"standard_error":0.00009244960434633632},"std_dev":{"confidence_interval":{"confidence_level":0.95,"lower_bound":0.0007463611009229811,"upper_bound":0.008600676984117199},"point_estimate":0.005094017139136177,"standard_error":0.0026447553644530905}}