{"mean":{"confidence_interval":{"confidence_level":0.95,"lower_bound":0.3111090060296034,"upper_bound":0.3129136741472539},"point_estimate":0.311740733333229,"standard_error":0.0005515158126193472},"median":{"confidence_interval":{"confidence_level":0.95,"lower_bound":0.3109751321038221,"upper_bound":0.3110767781369508},"point_estimate":0.31101936990319085,"standard_error":0.00002825688741071355},"median_abs_dev":{"confidence_interval":{"confidence_level":0.95,"lower_bound":0.00014610610130553407,"upper_bound":0.00029071809215854173},"point_estimate":0.00023888957170475306,"standard_error":0.00003555535641630833},"slope":{"confidence_interval":{"confidence_level":0.95,"lower_bound":0.3111162474241356,"upper_bound":0.31133043893339907},"point_estimate":0.3112140596185363,"standard_error":0.0000548774471321334},"std_dev":{"confidence_interval":{"confidence_level":0.95,"lower_bound":0.0003774898733549347,"upper_bound":0.009461060305751773},"point_estimate":0.005534191310273746,"standard_error":0.003220423428493098}}