{"mean":{"confidence_interval":{"confidence_level":0.95,"lower_bound":15.742936391657684,"upper_bound":15.781195246162154},"point_estimate":15.759784695918018,"standard_error":0.009853969038398866},"median":{"confidence_interval":{"confidence_level":0.95,"lower_bound":15.730192338608234,"upper_bound":15.73824319198211},"point_estimate":15.734005353299281,"standard_error":0.0019472105879150832},"median_abs_dev":{"confidence_interval":{"confidence_level":0.95,"lower_bound":0.012944383195363817,"upper_bound":0.024899478166030303},"point_estimate":0.01816445003916534,"standard_error":0.0030308970418041416},"slope":{"confidence_interval":{"confidence_level":0.95,"lower_bound":15.738084686387095,"upper_bound":15.76271692827701},"point_estimate":15.748802245987065,"standard_error":0.006328448500141368},"std_dev":{"confidence_interval":{"confidence_level":0.95,"lower_bound":0.03362505407588256,"upper_bound":0.14341044451487897},"point_estimate":0.09900109639067707,"standard_error":0.026886599205864222}}