{"mean":{"confidence_interval":{"confidence_level":0.95,"lower_bound":-0.0037941109541980147,"upper_bound":0.006351023834364442},"point_estimate":0.000938211353927132,"standard_error":0.0025900094877462595},"median":{"confidence_interval":{"confidence_level":0.95,"lower_bound":-0.0024381582508611332,"upper_bound":0.00020427929721900107},"point_estimate":-0.0011271349218276994,"standard_error":0.00064606143009664}}