{"mean":{"confidence_interval":{"confidence_level":0.95,"lower_bound":22.26643513095402,"upper_bound":22.35060647592328},"point_estimate":22.298639523496718,"standard_error":0.022800738073568454},"median":{"confidence_interval":{"confidence_level":0.95,"lower_bound":22.250767691012896,"upper_bound":22.261950177336818},"point_estimate":22.25736244841443,"standard_error":0.0030105249251603646},"median_abs_dev":{"confidence_interval":{"confidence_level":0.95,"lower_bound":0.014982888416353632,"upper_bound":0.02959355581770457},"point_estimate":0.022377941680522883,"standard_error":0.0037803276124041044},"slope":{"confidence_interval":{"confidence_level":0.95,"lower_bound":22.262633881476074,"upper_bound":22.307626362169838},"point_estimate":22.280911786921482,"standard_error":0.011804793169027971},"std_dev":{"confidence_interval":{"confidence_level":0.95,"lower_bound":0.043631001852023954,"upper_bound":0.3818702718574053},"point_estimate":0.22934166515838558,"standard_error":0.10843339905644168}}