{"mean":{"confidence_interval":{"confidence_level":0.95,"lower_bound":0.3112598687480777,"upper_bound":0.3121609684557962},"point_estimate":0.31163829567783685,"standard_error":0.00023362680714566125},"median":{"confidence_interval":{"confidence_level":0.95,"lower_bound":0.31093510193889584,"upper_bound":0.3110976771474649},"point_estimate":0.3109955798803563,"standard_error":0.00004486493768434381},"median_abs_dev":{"confidence_interval":{"confidence_level":0.95,"lower_bound":0.00019517328972062866,"upper_bound":0.00044038075294991757},"point_estimate":0.0002886967940867638,"standard_error":0.00006644624116955078},"slope":{"confidence_interval":{"confidence_level":0.95,"lower_bound":0.31116864512485964,"upper_bound":0.31151114992117857},"point_estimate":0.31132997213670105,"standard_error":0.00008771797317101846},"std_dev":{"confidence_interval":{"confidence_level":0.95,"lower_bound":0.0007108669373347974,"upper_bound":0.003693164815378918},"point_estimate":0.0023485057496827697,"standard_error":0.0008186604168226158}}