{"mean":{"confidence_interval":{"confidence_level":0.95,"lower_bound":-0.0006649123030604913,"upper_bound":0.006265775527006471},"point_estimate":0.0021770836540886407,"standard_error":0.0017694551379924973},"median":{"confidence_interval":{"confidence_level":0.95,"lower_bound":0.000083099488974775,"upper_bound":0.0016839335807865546},"point_estimate":0.0006809918586547781,"standard_error":0.0004308027093783151}}