{"mean":{"confidence_interval":{"confidence_level":0.95,"lower_bound":5.746125258117913,"upper_bound":5.773162052945619},"point_estimate":5.755767961574947,"standard_error":0.00799197228102165},"median":{"confidence_interval":{"confidence_level":0.95,"lower_bound":5.744459259384329,"upper_bound":5.746613167816653},"point_estimate":5.74542798020275,"standard_error":0.0005850651319005247},"median_abs_dev":{"confidence_interval":{"confidence_level":0.95,"lower_bound":0.003578534834318386,"upper_bound":0.006124639745590558},"point_estimate":0.004634345276597327,"standard_error":0.0006721360236020623},"slope":{"confidence_interval":{"confidence_level":0.95,"lower_bound":5.745654068914648,"upper_bound":5.749214474431203},"point_estimate":5.747309889502626,"standard_error":0.0009130624232815646},"std_dev":{"confidence_interval":{"confidence_level":0.95,"lower_bound":0.007305400784741967,"upper_bound":0.1366199713464749},"point_estimate":0.08021208306502647,"standard_error":0.044898494595985716}}