{"mean":{"confidence_interval":{"confidence_level":0.95,"lower_bound":-0.0060509223667305516,"upper_bound":-0.0028328838387913446},"point_estimate":-0.004327546370779589,"standard_error":0.0008256041821898703},"median":{"confidence_interval":{"confidence_level":0.95,"lower_bound":-0.0035717846811703646,"upper_bound":-0.0028283762657692613},"point_estimate":-0.003210408798723585,"standard_error":0.0001917615710007035}}