{"mean":{"confidence_interval":{"confidence_level":0.95,"lower_bound":0.31155609830835546,"upper_bound":0.31552689930134176},"point_estimate":0.3131651185756002,"standard_error":0.0010447647213424319},"median":{"confidence_interval":{"confidence_level":0.95,"lower_bound":0.31097931556197245,"upper_bound":0.3113272097438798},"point_estimate":0.3111094278024614,"standard_error":0.0000969853336517612},"median_abs_dev":{"confidence_interval":{"confidence_level":0.95,"lower_bound":0.0002629806147956617,"upper_bound":0.0006698334736359553},"point_estimate":0.0004250172216046588,"standard_error":0.00010461881437048186},"slope":{"confidence_interval":{"confidence_level":0.95,"lower_bound":0.31130766169883034,"upper_bound":0.31384007518978274},"point_estimate":0.31226021421203587,"standard_error":0.0006738113165354674},"std_dev":{"confidence_interval":{"confidence_level":0.95,"lower_bound":0.001727841181551156,"upper_bound":0.017099246132384567},"point_estimate":0.01052734383968127,"standard_error":0.004322668624943528}}