{"mean":{"confidence_interval":{"confidence_level":0.95,"lower_bound":0.311091078986051,"upper_bound":0.3129811393461671},"point_estimate":0.31176015226031834,"standard_error":0.0005660154813959574},"median":{"confidence_interval":{"confidence_level":0.95,"lower_bound":0.3109039399323711,"upper_bound":0.31104438010697766},"point_estimate":0.31095306754165986,"standard_error":0.0000382259859313539},"median_abs_dev":{"confidence_interval":{"confidence_level":0.95,"lower_bound":0.00013195745672810142,"upper_bound":0.0003044301946628556},"point_estimate":0.00019329536750252194,"standard_error":0.000045591801976416595},"slope":{"confidence_interval":{"confidence_level":0.95,"lower_bound":0.311057053688405,"upper_bound":0.31124684940610414},"point_estimate":0.3111449168986676,"standard_error":0.00004868683556370015},"std_dev":{"confidence_interval":{"confidence_level":0.95,"lower_bound":0.00040057738889704325,"upper_bound":0.009710420100889688},"point_estimate":0.0056922531152973676,"standard_error":0.0032390159979034504}}