{"mean":{"confidence_interval":{"confidence_level":0.95,"lower_bound":-0.0029551866416393036,"upper_bound":0.00860400591392181},"point_estimate":0.001472332553656308,"standard_error":0.002893743503218221},"median":{"confidence_interval":{"confidence_level":0.95,"lower_bound":0.0002502863890192497,"upper_bound":0.0007967218105784379},"point_estimate":0.0004848654294442589,"standard_error":0.00014359348796362132}}