{"mean":{"confidence_interval":{"confidence_level":0.95,"lower_bound":-0.00004136151284197248,"upper_bound":0.00631864646359408},"point_estimate":0.0026173177510675494,"standard_error":0.0015609077281761388},"median":{"confidence_interval":{"confidence_level":0.95,"lower_bound":0.00008529559681180743,"upper_bound":0.0017723138521624426},"point_estimate":0.0010062825246113238,"standard_error":0.000457313520820237}}