{"mean":{"confidence_interval":{"confidence_level":0.95,"lower_bound":0.312676341064891,"upper_bound":0.31739593826076956},"point_estimate":0.31481257326440537,"standard_error":0.0012112426190893104},"median":{"confidence_interval":{"confidence_level":0.95,"lower_bound":0.3113103616599551,"upper_bound":0.31152525673575215},"point_estimate":0.31141228541445687,"standard_error":0.00005528315531444573},"median_abs_dev":{"confidence_interval":{"confidence_level":0.95,"lower_bound":0.0003433648722017714,"upper_bound":0.0006505623971953083},"point_estimate":0.00044654493582329543,"standard_error":0.00007850338408638083},"slope":{"confidence_interval":{"confidence_level":0.95,"lower_bound":0.3136310683442775,"upper_bound":0.32266421015140767},"point_estimate":0.3178216799925308,"standard_error":0.0023212766557794435},"std_dev":{"confidence_interval":{"confidence_level":0.95,"lower_bound":0.006481049028186138,"upper_bound":0.016490993983704585},"point_estimate":0.012183312155866441,"standard_error":0.002558632249387079}}