{"mean":{"confidence_interval":{"confidence_level":0.95,"lower_bound":0.3111696152656213,"upper_bound":0.3121027337492822},"point_estimate":0.31155995870543335,"standard_error":0.00024402767809090711},"median":{"confidence_interval":{"confidence_level":0.95,"lower_bound":0.31095567571749544,"upper_bound":0.3111388904216784},"point_estimate":0.3110101033043119,"standard_error":0.00004939322192973402},"median_abs_dev":{"confidence_interval":{"confidence_level":0.95,"lower_bound":0.00013921958183065077,"upper_bound":0.0003386928497895054},"point_estimate":0.0002191063663289051,"standard_error":0.0000483875053696818},"slope":{"confidence_interval":{"confidence_level":0.95,"lower_bound":0.31114868089666664,"upper_bound":0.3115792918714642},"point_estimate":0.31132572199419256,"standard_error":0.00011139368172816584},"std_dev":{"confidence_interval":{"confidence_level":0.95,"lower_bound":0.0005007627146349853,"upper_bound":0.0037809389936728976},"point_estimate":0.0024505971292789093,"standard_error":0.0008849269614125632}}