{"mean":{"confidence_interval":{"confidence_level":0.95,"lower_bound":0.31192379688209537,"upper_bound":0.31937995121615576},"point_estimate":0.31506759949978025,"standard_error":0.0019249561604607027},"median":{"confidence_interval":{"confidence_level":0.95,"lower_bound":0.31119656759764824,"upper_bound":0.3113610049499403},"point_estimate":0.31125508071480323,"standard_error":0.00004412619602378787},"median_abs_dev":{"confidence_interval":{"confidence_level":0.95,"lower_bound":0.000253948626509027,"upper_bound":0.0004810650721230884},"point_estimate":0.00033621204343252376,"standard_error":0.00006028700021529105},"slope":{"confidence_interval":{"confidence_level":0.95,"lower_bound":0.31150660378070505,"upper_bound":0.31223213292095064},"point_estimate":0.31182264659082876,"standard_error":0.00018683856875291468},"std_dev":{"confidence_interval":{"confidence_level":0.95,"lower_bound":0.0037248055542058837,"upper_bound":0.029494840284922445},"point_estimate":0.019279335492267232,"standard_error":0.006659674998130012}}