{"mean":{"confidence_interval":{"confidence_level":0.95,"lower_bound":-0.000616299613449947,"upper_bound":0.003934198854198712},"point_estimate":0.001513253560179617,"standard_error":0.001143319297525007},"median":{"confidence_interval":{"confidence_level":0.95,"lower_bound":0.00037346763797407867,"upper_bound":0.0011751953688450278},"point_estimate":0.0008537556596257545,"standard_error":0.000206728946739073}}