{"mean":{"confidence_interval":{"confidence_level":0.95,"lower_bound":0.31132240624321167,"upper_bound":0.31237690108656985},"point_estimate":0.31176713128325223,"standard_error":0.0002740203827842504},"median":{"confidence_interval":{"confidence_level":0.95,"lower_bound":0.311092951432982,"upper_bound":0.3112611316523156},"point_estimate":0.31113614176034676,"standard_error":0.000043943589343261},"median_abs_dev":{"confidence_interval":{"confidence_level":0.95,"lower_bound":0.00019713042649093028,"upper_bound":0.0004109993645911867},"point_estimate":0.0002797718196181209,"standard_error":0.00005501948654428635},"slope":{"confidence_interval":{"confidence_level":0.95,"lower_bound":0.31128366293620263,"upper_bound":0.3115997375189297},"point_estimate":0.31142802722890506,"standard_error":0.00008074421151060897},"std_dev":{"confidence_interval":{"confidence_level":0.95,"lower_bound":0.0006070102993796387,"upper_bound":0.0042417261087680505},"point_estimate":0.002753756763254009,"standard_error":0.0009684984406866277}}