{"mean":{"confidence_interval":{"confidence_level":0.95,"lower_bound":-0.001250754554578104,"upper_bound":0.00910565130292402},"point_estimate":0.002258856165461509,"standard_error":0.002549175454722791},"median":{"confidence_interval":{"confidence_level":0.95,"lower_bound":-0.00001625120102568528,"upper_bound":0.0007947782025266026},"point_estimate":0.00048794877664692926,"standard_error":0.00019965250040200518}}