{"mean":{"confidence_interval":{"confidence_level":0.95,"lower_bound":0.3109580623864977,"upper_bound":0.3124482269417338},"point_estimate":0.31150426368342427,"standard_error":0.0004212795182114032},"median":{"confidence_interval":{"confidence_level":0.95,"lower_bound":0.3108017645750846,"upper_bound":0.3109280556448679},"point_estimate":0.31086637036031617,"standard_error":0.000028110944316770616},"median_abs_dev":{"confidence_interval":{"confidence_level":0.95,"lower_bound":0.00023915108221117241,"upper_bound":0.00046474001886073106},"point_estimate":0.0003331019447271152,"standard_error":0.000058230198437153296},"slope":{"confidence_interval":{"confidence_level":0.95,"lower_bound":0.310938437180365,"upper_bound":0.3111578228074825},"point_estimate":0.3110402065085395,"standard_error":0.000055863663654863964},"std_dev":{"confidence_interval":{"confidence_level":0.95,"lower_bound":0.00048821589101811797,"upper_bound":0.007168730524363204},"point_estimate":0.004238335851766636,"standard_error":0.0022164272520003815}}