{"mean":{"confidence_interval":{"confidence_level":0.95,"lower_bound":-0.0034914916221786617,"upper_bound":0.0030538416894595674},"point_estimate":0.00017433829118496114,"standard_error":0.001663691948303995},"median":{"confidence_interval":{"confidence_level":0.95,"lower_bound":0.00012436227602852234,"upper_bound":0.001147226233889187},"point_estimate":0.0006454255850607549,"standard_error":0.00026222153977751466}}