{"mean":{"confidence_interval":{"confidence_level":0.95,"lower_bound":15.966625351122312,"upper_bound":15.99940094247066},"point_estimate":15.980088156917132,"standard_error":0.008535211431937214},"median":{"confidence_interval":{"confidence_level":0.95,"lower_bound":15.953417237007066,"upper_bound":15.969509859188914},"point_estimate":15.958782796363376,"standard_error":0.0048830695297301194},"median_abs_dev":{"confidence_interval":{"confidence_level":0.95,"lower_bound":0.01764245297901412,"upper_bound":0.03363889768927447},"point_estimate":0.02328298097696351,"standard_error":0.004720443714650118},"slope":{"confidence_interval":{"confidence_level":0.95,"lower_bound":15.97201870495019,"upper_bound":16.002873052286496},"point_estimate":15.986640341346202,"standard_error":0.007883285609101858},"std_dev":{"confidence_interval":{"confidence_level":0.95,"lower_bound":0.03253930168736883,"upper_bound":0.13548078175545794},"point_estimate":0.08519892243799712,"standard_error":0.032470000799432325}}