{"mean":{"confidence_interval":{"confidence_level":0.95,"lower_bound":-0.002455902449448033,"upper_bound":0.0010406887842859644},"point_estimate":-0.0006418317586921463,"standard_error":0.0008895033231394953},"median":{"confidence_interval":{"confidence_level":0.95,"lower_bound":-0.00005276418482524914,"upper_bound":0.0006361541061963294},"point_estimate":0.0002976185787186836,"standard_error":0.00017651082400455464}}