{"mean":{"confidence_interval":{"confidence_level":0.95,"lower_bound":0.3113150187050639,"upper_bound":0.3134825057964375},"point_estimate":0.31208598865787107,"standard_error":0.0006448910372182796},"median":{"confidence_interval":{"confidence_level":0.95,"lower_bound":0.3110830578557761,"upper_bound":0.3113112103047321},"point_estimate":0.3111858760072112,"standard_error":0.00005196420835379444},"median_abs_dev":{"confidence_interval":{"confidence_level":0.95,"lower_bound":0.00031468772902291936,"upper_bound":0.0005561329650453596},"point_estimate":0.00043535184122112596,"standard_error":0.00005622458177090322},"slope":{"confidence_interval":{"confidence_level":0.95,"lower_bound":0.3113214583125913,"upper_bound":0.31167578745235236},"point_estimate":0.3114839358595102,"standard_error":0.00009084528140805536},"std_dev":{"confidence_interval":{"confidence_level":0.95,"lower_bound":0.0006023675175379068,"upper_bound":0.011031428491704487},"point_estimate":0.006471910718914284,"standard_error":0.0036524081276306276}}