{"mean":{"confidence_interval":{"confidence_level":0.95,"lower_bound":-0.0044880357457296564,"upper_bound":0.002392244140725258},"point_estimate":-0.0006440942406019667,"standard_error":0.0017623759625434922},"median":{"confidence_interval":{"confidence_level":0.95,"lower_bound":0.00010468523446371947,"upper_bound":0.0011447700306224107},"point_estimate":0.0005892394523232536,"standard_error":0.0002723499560525074}}