{"mean":{"confidence_interval":{"confidence_level":0.95,"lower_bound":0.31412134458397756,"upper_bound":0.3166981832350931},"point_estimate":0.31535834701273013,"standard_error":0.0006613644018818261},"median":{"confidence_interval":{"confidence_level":0.95,"lower_bound":0.31136346069586535,"upper_bound":0.3131131519199639},"point_estimate":0.31180982991440964,"standard_error":0.0004393332192097353},"median_abs_dev":{"confidence_interval":{"confidence_level":0.95,"lower_bound":0.0007418084616967942,"upper_bound":0.003192016986516761},"point_estimate":0.001361225453476111,"standard_error":0.0006250827806130527},"slope":{"confidence_interval":{"confidence_level":0.95,"lower_bound":0.31439328095328384,"upper_bound":0.3177212622825615},"point_estimate":0.3160298734426681,"standard_error":0.0008520959615127776},"std_dev":{"confidence_interval":{"confidence_level":0.95,"lower_bound":0.005237413091601532,"upper_bound":0.007836852671191588},"point_estimate":0.006649674564443869,"standard_error":0.000666150130518423}}