{"mean":{"confidence_interval":{"confidence_level":0.95,"lower_bound":0.31120979238133095,"upper_bound":0.3129137712072211},"point_estimate":0.31183209297022185,"standard_error":0.0004860802697303853},"median":{"confidence_interval":{"confidence_level":0.95,"lower_bound":0.31092168303509676,"upper_bound":0.31113647938332306},"point_estimate":0.3110139418335396,"standard_error":0.00005448803042275646},"median_abs_dev":{"confidence_interval":{"confidence_level":0.95,"lower_bound":0.00016409752233094346,"upper_bound":0.00041107607591870087},"point_estimate":0.00026409798934334984,"standard_error":0.00006221738632358127},"slope":{"confidence_interval":{"confidence_level":0.95,"lower_bound":0.31118036494205775,"upper_bound":0.31184749176077325},"point_estimate":0.3114432722603352,"standard_error":0.00017802241206014337},"std_dev":{"confidence_interval":{"confidence_level":0.95,"lower_bound":0.0006011334696357814,"upper_bound":0.00831741000372196},"point_estimate":0.004909080436548596,"standard_error":0.002618045226084231}}