{"mean":{"confidence_interval":{"confidence_level":0.95,"lower_bound":0.3114765686200579,"upper_bound":0.3138527726286909},"point_estimate":0.3123131668449999,"standard_error":0.0007196845452422028},"median":{"confidence_interval":{"confidence_level":0.95,"lower_bound":0.31122735765156384,"upper_bound":0.3114386128861136},"point_estimate":0.31130389720205465,"standard_error":0.00005617377785523268},"median_abs_dev":{"confidence_interval":{"confidence_level":0.95,"lower_bound":0.00032747495672949615,"upper_bound":0.000654377462580469},"point_estimate":0.0004632143388290868,"standard_error":0.00008414784838288377},"slope":{"confidence_interval":{"confidence_level":0.95,"lower_bound":0.3113636325293294,"upper_bound":0.3117737080306325},"point_estimate":0.3115516873483581,"standard_error":0.00010569466253180723},"std_dev":{"confidence_interval":{"confidence_level":0.95,"lower_bound":0.0006518425464226266,"upper_bound":0.012387335120600066},"point_estimate":0.007248841541387953,"standard_error":0.004173377563464997}}