{"mean":{"confidence_interval":{"confidence_level":0.95,"lower_bound":-0.003495230966956757,"upper_bound":0.0019356561751283025},"point_estimate":-0.0004052746414608954,"standard_error":0.0013834724910308292},"median":{"confidence_interval":{"confidence_level":0.95,"lower_bound":-0.00007763928671400411,"upper_bound":0.0002732428111118512},"point_estimate":0.00012927536441198484,"standard_error":0.00009463676668563497}}