{"mean":{"confidence_interval":{"confidence_level":0.95,"lower_bound":-0.004613467256713161,"upper_bound":0.003157934299208437},"point_estimate":-0.0005227281315849375,"standard_error":0.001919784615602432},"median":{"confidence_interval":{"confidence_level":0.95,"lower_bound":-6.047901201289285e-6,"upper_bound":0.000939061403975705},"point_estimate":0.0005670305519720475,"standard_error":0.0002190690137615734}}