{"mean":{"confidence_interval":{"confidence_level":0.95,"lower_bound":-0.004287926040537367,"upper_bound":0.0031092198739038845},"point_estimate":-0.00010918082887256819,"standard_error":0.0018862351665654006},"median":{"confidence_interval":{"confidence_level":0.95,"lower_bound":0.0002884007261585442,"upper_bound":0.001468696044595541},"point_estimate":0.0007690404289220076,"standard_error":0.0003030922370509754}}