{"mean":{"confidence_interval":{"confidence_level":0.95,"lower_bound":0.3110716799269816,"upper_bound":0.3117255541668445},"point_estimate":0.3113083423548035,"standard_error":0.00018985937784428924},"median":{"confidence_interval":{"confidence_level":0.95,"lower_bound":0.3109579364274815,"upper_bound":0.3111191479654013},"point_estimate":0.3110274634351181,"standard_error":0.0000441734508577713},"median_abs_dev":{"confidence_interval":{"confidence_level":0.95,"lower_bound":0.00020263238914845145,"upper_bound":0.00039342246917190325},"point_estimate":0.00027937305730198425,"standard_error":0.00004651276649568749},"slope":{"confidence_interval":{"confidence_level":0.95,"lower_bound":0.3111035864674726,"upper_bound":0.31124500178889614},"point_estimate":0.31117342973777007,"standard_error":0.00003613158930809548},"std_dev":{"confidence_interval":{"confidence_level":0.95,"lower_bound":0.00026945136901385125,"upper_bound":0.0032387808107981544},"point_estimate":0.001905908118556158,"standard_error":0.001039802712477507}}