{"mean":{"confidence_interval":{"confidence_level":0.95,"lower_bound":0.31111875549183116,"upper_bound":0.3128133692040418},"point_estimate":0.311718741673656,"standard_error":0.0005097777955790637},"median":{"confidence_interval":{"confidence_level":0.95,"lower_bound":0.3109003285272291,"upper_bound":0.3110022845015643},"point_estimate":0.3109424086475724,"standard_error":0.000026083413840728797},"median_abs_dev":{"confidence_interval":{"confidence_level":0.95,"lower_bound":0.00010126914849520426,"upper_bound":0.00025791432099460246},"point_estimate":0.00015887457734148813,"standard_error":0.00004031823507388095},"slope":{"confidence_interval":{"confidence_level":0.95,"lower_bound":0.31115805492646037,"upper_bound":0.31154019093609914},"point_estimate":0.31133447641904355,"standard_error":0.00009812694098163943},"std_dev":{"confidence_interval":{"confidence_level":0.95,"lower_bound":0.0004954923793268075,"upper_bound":0.008758564555543122},"point_estimate":0.005129954507767057,"standard_error":0.002932638910561033}}