{"mean":{"confidence_interval":{"confidence_level":0.95,"lower_bound":0.31093080686863284,"upper_bound":0.3126525663747806},"point_estimate":0.31156677733376126,"standard_error":0.0004825492218345712},"median":{"confidence_interval":{"confidence_level":0.95,"lower_bound":0.3106146247640636,"upper_bound":0.31094207520569195},"point_estimate":0.3107774159414254,"standard_error":0.00008891235640469359},"median_abs_dev":{"confidence_interval":{"confidence_level":0.95,"lower_bound":0.0002811027818434022,"upper_bound":0.0006337127685476007},"point_estimate":0.00042042287966367534,"standard_error":0.00008845274026716163},"slope":{"confidence_interval":{"confidence_level":0.95,"lower_bound":0.3108943417481548,"upper_bound":0.31118304589799634},"point_estimate":0.311029133339069,"standard_error":0.00007393447426134367},"std_dev":{"confidence_interval":{"confidence_level":0.95,"lower_bound":0.0006701036633428682,"upper_bound":0.008204977567349293},"point_estimate":0.004861774685036128,"standard_error":0.0025087345232987102}}