{"mean":{"confidence_interval":{"confidence_level":0.95,"lower_bound":-0.0016082221055954298,"upper_bound":0.0018604547130918626},"point_estimate":0.00014927391831642822,"standard_error":0.0008715041375460987},"median":{"confidence_interval":{"confidence_level":0.95,"lower_bound":-0.000338370788000808,"upper_bound":0.00032679380948708037},"point_estimate":-0.000054766323164368025,"standard_error":0.00017843523192384846}}